"chrom","all_pval","ACP267_pval","NotACP267_pval"
"GBGJ01000076",5.851089e-08,0.0001110768,6.581682e-08
"GBGJ01000123",2.657503e-05,0.0001773917,2.920395e-05
"GBGJ01000488",9.751515e-05,0.08609299,8.526761e-05
"GBGJ01000641",1.009743e-05,0.0005490614,8.305925e-06
"GBGJ01000698",0.00195746,2.356825e-08,0.0018888
"GBGJ01000722",6.359118e-08,0.09072408,3.777187e-08
"GBGJ01001048",4.330218e-06,0.07131171,4.494952e-06
"GBGJ01001188",0.0002746893,2.073433e-05,0.0002508355
"GBGJ01001287",0.00762882,2.603184e-12,0.00603423
"GBGJ01001288",0.03331206,7.154264e-15,0.03172643
"GBGJ01001691",0.000121716,6.328064e-06,9.916431e-05
"GBGJ01002971",0.07149661,2.546727e-06,0.07136213
"GBGJ01003095",8.510024e-11,0.003201873,7.950222e-11
"GBGJ01003661",0.008716821,4.080837e-46,0.007709871
"GBGJ01003892",2.727602e-10,0.01556662,3.436931e-10
"GBGJ01003899",0.3838543,5.127782e-07,0.3751474
"GBGJ01004274",1.540005e-07,0.06843676,1.734468e-07
"GBGJ01004277",9.871972e-06,0.00472918,7.385297e-06
"GBGJ01004596",0.07404637,1.271433e-51,0.04875075
"GBGJ01004743",1.571344e-06,0.09025759,1.144551e-06
"GBGJ01004976",1.276577e-06,0.001112296,9.33046e-07
"GBGJ01005439",4.597374e-06,0.003736018,6.209662e-06
"GBGJ01005788",3.015221e-06,9.028249e-06,3.066695e-06
"GBGJ01006046",4.521781e-06,2.817086e-07,4.468254e-06
"GBGJ01006729",4.553993e-07,0.008614597,4.3108e-07
"GBGJ01007208",2.236974e-06,0.01090086,1.857093e-06
"GBGJ01007909",6.841593e-07,0.002178978,8.725746e-07
"GBGJ01007985",0.0001251102,5.042019e-05,0.0001124532
"GBGJ01008938",0.09340933,9.911472e-11,0.09109807
"GBGJ01009076",1.709902e-11,0.01929418,1.972209e-11
"GBGJ01009250",3.527113e-05,0.06783126,4.348638e-05
"GBGJ01009442",1.088985e-07,0.02769255,1.088985e-07
"GBGJ01009640",0.1276944,8.458689e-06,0.1276944
"GBGJ01009728",3.343016e-05,0.1276944,3.997776e-05
"GBGJ01009959",1.970911e-06,0.0008541601,1.698069e-06
"GBGJ01010367",3.17795e-06,2.162972e-09,2.720456e-06
"GBGJ01010794",0.0003726874,1.96367e-05,0.0003915307
"GBGJ01010856",1.976452e-05,8.253135e-35,1.286678e-06
"GBGJ01011009",2.901533e-05,0.0476083,2.822694e-05
"GBGJ01011708",1.472286e-06,0.03885396,1.385541e-06
"GBGJ01011752",0.1276944,1.170737e-11,0.1276944
"GBGJ01011753",0.06783126,6.045248e-11,0.06783126
"GBGJ01011768",9.303293e-11,0.0009064736,3.394515e-11
"GBGJ01012160",3.715364e-06,0.009004389,4.499321e-06
"GBGJ01012205",0.007553115,5.09036e-05,0.006676784
"GBGJ01012235",4.669076e-05,0.1276944,6.360576e-05
"GBGJ01012242",0.2433946,7.994249e-07,0.2433946
"GBGJ01012374",0.008957653,5.128485e-06,0.007913453
"GBGJ01012558",7.095967e-09,7.363492e-05,5.360211e-09
"GBGJ01012789",2.897912e-05,0.116476,3.133074e-05
"GBGJ01012790",7.322472e-06,0.0001153743,6.761909e-06
"GBGJ01013197",2.442295e-05,0.07247445,2.532242e-05
"GBGJ01013941",0.1276944,6.111631e-07,0.1276944
"GBGJ01014168",0.0157583,2.024811e-07,0.01699947
"GBGJ01014189",8.24144e-06,0.1276944,1.075458e-05
"GBGJ01014437",4.902114e-06,3.071653e-08,5.030078e-06
"GBGJ01014459",8.458689e-06,0.03103142,8.714976e-06
"GBGJ01014532",0.2433946,4.423028e-05,0.2433946
"GBGJ01015618",4.522732e-09,0.03445404,5.240386e-09
"GBGJ01015714",9.590791e-07,1.165182e-07,1.049092e-06
"GBGJ01015792",0.07015016,6.728715e-05,0.07015016
"GBGJ01015912",1.64855e-13,4.248421e-06,1.500402e-13
"GBGJ01015919",0.1276944,5.009716e-80,0.1276944
"GBGJ01015921",0.1290486,1.388079e-71,0.07093084
"GBGJ01016006",4.146434e-09,8.51162e-05,6.700739e-09
"GBGJ01016010",3.954503e-08,0.1276944,4.093548e-08
"GBGJ01016011",2.582759e-10,0.1276944,2.847091e-10
"GBGJ01016060",3.237758e-05,0.0005824385,2.572484e-05
"GBGJ01016150",1.720746e-05,0.01071079,1.469699e-05
"GBGJ01016578",0.1722653,3.885985e-17,0.1644913
"GBGJ01016579",0.002889284,2.098833e-18,0.002119398
"GBGJ01016683",8.527843e-09,0.02578637,1.182696e-08
"GBGJ01016758",2.167492e-06,4.081346e-50,2.260503e-06
"GBGJ01016793",2.659921e-05,0.0830374,2.428175e-05
"GBGJ01016805",5.457601e-09,0.004034997,4.61158e-09
"GBGJ01016826",4.419325e-05,0.0002107142,5.246673e-05
"GBGJ01016827",1.90373e-06,1.061735e-06,1.990983e-06
"GBGJ01016919",3.535449e-07,2.998372e-05,2.357918e-07
"GBGJ01016939",4.403049e-09,2.612589e-06,2.365032e-09
"GBGJ01016940",2.262274e-09,5.005712e-07,1.04058e-09
"GBGJ01017040",4.33234e-12,2.913891e-12,3.923359e-12
"GBGJ01017061",1.383194e-06,0.003243843,1.618909e-06
"GBGJ01017195",9.416376e-08,2.024381e-09,6.484667e-08
"GBGJ01017196",5.47992e-09,0.0001008524,6.15931e-09
"GBGJ01017224",0.01715075,8.035086e-57,0.001316207
"GBGJ01017434",8.992101e-07,0.001050655,8.419826e-07
"GBGJ01017560",6.260045e-09,0.001014789,5.380042e-09
"GBGJ01017726",2.059502e-12,0.01670608,5.172676e-12
"GBGJ01017808",1.467084e-07,0.07085812,1.490088e-07
"GBGJ01018472",0.002608427,2.60977e-08,0.002047886
"GBGJ01018783",0.03187945,5.243765e-08,0.0304402
"GBGJ01018787",0.01929418,1.69767e-08,0.01929418
"GBGJ01019018",5.950187e-13,0.0001972017,4.107552e-13
"GBGJ01019051",7.44388e-07,0.006945455,1.223723e-06
"GBGJ01019523",1.627455e-07,3.09958e-09,1.226666e-07
"GBGJ01019753",7.260727e-07,1.616717e-08,7.309846e-07
"GBGJ01019861",6.950633e-05,0.012637,0.0001074291
"GBGJ01019924",1.23811e-06,0.01504866,1.209476e-06
"GBGJ01019977",0.01185185,2.103765e-06,0.01185185
"GBGJ01020076",0.04921896,4.645599e-05,0.05008211
"GBGJ01021106",2.92021e-06,0.0003333951,2.436768e-06
"GBGJ01021107",9.920119e-07,1.958286e-06,7.925408e-07
"GBGJ01021181",1.579189e-06,4.625709e-06,1.89339e-06
"GBGJ01021253",8.198064e-09,0.006227451,8.445331e-09
"GBGJ01021269",1.977226e-06,2.401638e-13,7.209266e-07
"GBGJ01021381",0.06783126,3.172576e-06,0.06783126
"GBGJ01021824",2.595591e-06,1.208459e-05,2.054359e-06
"GBGJ01022290",7.166612e-06,9.920152e-05,7.697865e-06
"GBGJ01022380",0.02754382,2.089007e-05,0.02580324
"GBGJ01022410",1.550589e-05,0.1801913,1.755564e-05
"GBGJ01022936",4.776242e-06,2.227498e-07,2.412657e-06
"GBGJ01023123",1.970982e-07,0.07345525,2.911338e-07
"GBGJ01023238",0.0004235822,3.503104e-08,0.0003620804
"GBGJ01023316",3.917296e-07,0.06783126,4.050841e-07
"GBGJ01023328",5.822259e-07,0.1276944,7.444383e-07
"GBGJ01023510",4.058677e-05,9.861224e-11,2.59466e-05
"GBGJ01023511",2.380749e-07,6.666094e-10,1.438201e-07
"GBGJ01023727",5.232328e-05,1.807506e-06,8.589973e-05
"GBGJ01023753",0.1019036,1.324597e-96,0.00913649
"GBGJ01023780",0.003096021,4.029949e-06,0.003274789
"GBGJ01023799",3.594024e-14,0.1266704,4.572924e-14
"GBGJ01023887",3.100228e-05,0.0217599,3.80476e-05
"GBGJ01023929",1.374497e-05,0.0001758775,1.520902e-05
"GBGJ01023947",8.235248e-06,0.0002178239,8.709753e-06
"GBGJ01024032",0.00286215,3.492103e-05,0.002572054
"GBGJ01024033",0.01098341,1.51047e-07,0.01098341
"GBGJ01024054",1.136905e-05,0.005668795,9.683576e-06
"GBGJ01024133",0.002710301,5.600559e-05,0.002465028
"GBGJ01024208",6.056339e-05,1.123364e-08,6.660957e-05
"GBGJ01024637",6.012515e-06,0.03145612,6.581199e-06
"GBGJ01024827",2.416539e-10,0.005343498,2.09049e-10
"GBGJ01024906",3.030521e-05,0.01578024,3.011823e-05
"GBGJ01025088",4.620781e-07,9.229836e-07,5.567803e-07
"GBGJ01025348",1.295158e-07,0.02157175,2.646468e-07
"GBGJ01025807",2.387529e-05,7.062233e-07,2.126348e-05
"GBGJ01026231",7.09477e-05,9.399374e-08,5.854664e-05
"GBGJ01026320",8.045151e-06,0.000102706,8.83921e-06
"GBGJ01026901",5.334013e-06,0.00925827,5.917206e-06
"GBGJ01027093",0.01047939,2.42285e-05,0.01012408
"GBGJ01027205",3.888681e-07,0.002376593,3.547336e-07
"GBGJ01027498",0.001580702,5.633114e-06,0.00125529
"GBGJ01027499",0.0001371073,3.493929e-08,7.285666e-05
"GBGJ01027577",3.624811e-05,0.09666188,3.840619e-05
"GBGJ01027978",2.472378e-06,4.771984e-06,1.733158e-06
"GBGJ01028000",0.0001907614,5.271352e-05,0.0002495839
"GBGJ01028019",7.332059e-05,6.358959e-08,5.292286e-05
"GBGJ01028303",3.286987e-05,2.712284e-05,3.800365e-05
"GBGJ01028388",1.860095e-06,0.007246802,1.376173e-06
"GBGJ01028389",6.303207e-07,0.0008584813,7.238654e-07
"GBGJ01028564",3.584412e-05,0.006315962,3.930002e-05
"GBGJ01028945",3.437721e-08,0.0001547636,3.474852e-08
"GBGJ01029461",2.975538e-07,3.301932e-06,3.097887e-07
"GBGJ01030194",0.0110564,4.080115e-05,0.01022149
"GBGJ01030454",1.817288e-05,7.941077e-06,1.700388e-05
"GBGJ01030473",0.2326192,7.303425e-05,0.2279525
"GBGJ01030732",1.44671e-05,0.2433946,2.428175e-05
"GBGJ01030776",0.0002287743,5.452591e-08,0.0002132583
"GBGJ01030777",4.049876e-09,2.621763e-08,1.593586e-09
"GBGJ01030850",1.55299e-05,0.06783126,1.473006e-05
"GBGJ01030984",1.077993e-07,0.0106078,1.603652e-07
"GBGJ01031005",0.2362532,1.064888e-05,0.2362532
"GBGJ01031075",0.0005357871,5.65376e-06,0.0004817906
"GBGJ01031101",9.230054e-07,1.058923e-13,5.402952e-07
"GBGJ01031159",2.801488e-05,0.03618642,3.133074e-05
"GBGJ01031261",1.154389e-07,0.0007990946,1.019067e-07
"GBGJ01031351",0.00216354,2.425798e-11,0.002012916
"GBGJ01031473",2.11195e-07,0.009738867,2.397454e-07
"GBGJ01031503",0.2433946,6.747029e-76,0.2433946
"GBGJ01031616",0.008503334,1.63522e-08,0.007942159
"GBGJ01031617",0.2200491,1.000633e-53,0.1128314
"GBGJ01031625",8.889365e-05,0.02254898,8.630207e-05
"GBGJ01031692",0.004080242,5.848346e-36,0.0008279886
"GBGJ01031694",2.053009e-06,4.303322e-07,2.825524e-06
"GBGJ01031696",3.255767e-07,9.341277e-05,4.077991e-07
"GBGJ01031708",2.75267e-08,0.001122774,1.437557e-08
"GBGJ01031734",0.0002134713,8.725804e-07,0.0001483002
"GBGJ01031754",3.986871e-09,0.002193318,3.551169e-09
"GBGJ01031762",0.001306409,2.332143e-05,0.001098526
"GBGJ01031769",1.095144e-09,0.2433946,1.981275e-09
"GBGJ01031772",6.071924e-05,0.1306625,7.009938e-05
"GBGJ01031773",7.870532e-06,0.04018085,7.140949e-06
"GBGJ01031774",5.808312e-07,0.2433946,5.538342e-07
"GBGJ01031803",1.215202e-06,0.002685654,1.481778e-06
"GBGJ01031804",2.747504e-07,0.02704484,2.962738e-07
"GBGJ01031828",4.089349e-06,0.001635822,3.66318e-06
"GBGJ01031838",0.01132511,5.810596e-05,0.01010629
"GBGJ01031843",0.2430969,1.080018e-06,0.238494
"GBGJ01031845",0.03269552,2.149307e-05,0.03096441
"GBGJ01031851",0.7954605,1.205967e-05,0.795052
"GBGJ01031852",1.077747e-05,5.916316e-08,9.395824e-06
"GBGJ01031875",1.122141e-05,2.93215e-09,8.205631e-06
"GBGJ01031904",0.02537675,1.387005e-05,0.02437885
"GBGJ01031938",4.609885e-06,0.07131171,4.961987e-06
"GBGJ01031939",1.702403e-05,0.02959574,2.182491e-05
"GBGJ01031964",2.698418e-21,0.007727717,4.603062e-21
"GBGJ01031965",7.830677e-05,0.003443042,7.830677e-05
"GBGJ01031968",0.004307207,1.611088e-07,0.003423467
"GBGJ01031982",2.952735e-05,0.1276944,2.854692e-05
"GBGJ01031985",2.7169e-06,3.930657e-05,2.794531e-06
"GBGJ01032010",2.344617e-07,0.0009206574,1.411747e-07
"GBGJ01032040",1.127852e-11,0.1402321,1.371215e-11
"GBGJ01032055",1.128469e-05,0.0147272,1.161462e-05
"GBGJ01032063",0.04092511,3.81017e-07,0.03958443
"GBGJ01032077",2.666693e-05,0.06783126,2.341302e-05
"GBGJ01032125",9.272387e-06,0.0004050808,9.233487e-06
"GBGJ01032143",0.02088616,3.611365e-05,0.01951491
"GBGJ01032177",0.0006552293,2.926379e-06,0.0006293444
"GBGJ01032182",0.002689549,3.580144e-05,0.002419203
"GBGJ01032221",0.4772669,2.043938e-41,0.4772669
"GBGJ01032222",0.04849672,7.303465e-38,0.02104721
"GBGJ01032223",0.2433946,1.955271e-38,0.2433946
"GBGJ01032237",2.285934e-07,0.1077538,2.319455e-07
"GBGJ01032265",5.240151e-05,0.06783126,6.001788e-05
"GBGJ01032326",2.992885e-07,0.0002877673,2.807138e-07
"GBGJ01032328",4.033645e-07,0.01005935,3.438838e-07
"GBGJ01032329",3.336407e-09,5.617563e-05,3.869153e-09
"GBGJ01032343",0.001204726,7.270695e-07,0.0009605832
"GBGJ01032354",4.973742e-06,0.03885396,5.158904e-06
"GBGJ01032366",3.81848e-06,0.1306625,3.754568e-06
"GBGJ01032371",0.0004460475,1.390284e-05,0.0003863099
"GBGJ01032372",1.508674e-05,1.637321e-05,1.283102e-05
"GBGJ01032471",0.03962304,2.551824e-05,0.03635829
"GBGJ01032472",3.522116e-05,0.007069856,3.360598e-05
"GBGJ01032477",2.21841e-10,0.01929418,2.174892e-10
"GBGJ01032483",6.218882e-13,2.033068e-11,1.407835e-13
"GBGJ01032652",2.699969e-05,0.01180194,2.560465e-05
"GBGJ01032834",1.387005e-05,0.005005457,1.364765e-05
"GBGJ01032836",1.413337e-08,3.218378e-08,1.344583e-08
"GBGJ01032935",7.198565e-05,0.0009160094,6.72233e-05
"GBGJ01033019",5.479478e-08,4.868071e-05,3.869124e-08
"GBGJ01033218",0.02227464,4.227416e-06,0.01950635
"GBGJ01033225",4.989659e-05,5.454843e-06,4.198349e-05
"GBGJ01033295",1.363494e-10,1.251928e-08,1.089755e-10
"GBGJ01033325",2.168739e-10,8.578315e-10,1.627225e-10
"GBGJ01033331",2.567293e-05,0.001728373,2.582294e-05
"GBGJ01033362",0.1276944,1.155698e-67,0.06395154
"GBGJ01033378",7.461338e-09,0.0003498239,9.183349e-09
"GBGJ01033381",2.695488e-07,3.922656e-05,1.899898e-07
"GBGJ01033459",0.002736318,5.358002e-06,0.002480715
"GBGJ01033460",2.634671e-11,1.875702e-05,3.078281e-11
"GBGJ01033520",0.0001934436,2.81377e-07,0.0001623007
"GBGJ01033692",0.00052591,1.57972e-05,0.000585571
"GBGJ01033811",0.1276944,1.64831e-05,0.1276944
"GBGJ01033828",6.310591e-06,0.2433946,1.056011e-05
"GBGJ01033845",0.007859903,2.209668e-06,0.008630416
"GBGJ01034182",1.263477e-06,4.904948e-05,1.23548e-06
"GBGJ01035411",0.1190403,9.439544e-11,0.1069942
"GBGJ01035608",6.046432e-05,0.0438104,6.469601e-05
"GBGJ01036334",2.351915e-10,0.1841342,4.700836e-10
"GBGJ01037188",0.008369706,2.537282e-07,0.007250944
"GBGJ01037860",4.632675e-05,0.004525308,6.006721e-05
"GBGJ01038217",6.906568e-19,0.0002023931,8.089404e-19
"GBGJ01038667",0.0004934791,1.027881e-05,0.0003784789
"GBGJ01038674",2.89355e-09,4.346063e-05,2.142763e-09
"GBGJ01038733",6.621355e-08,0.006633521,7.79655e-08
"GBGJ01038779",0.01166836,8.763321e-06,0.01157105
"GBGJ01038904",2.212643e-07,0.1210648,3.218632e-07
"GBGJ01040360",4.954453e-05,0.09570863,7.929579e-05
"GBGJ01040471",0.0109638,3.722633e-07,0.01049749
"GBGJ01040642",0.2433946,7.243091e-16,0.2433946
"GBGJ01040647",1.316653e-10,2.287607e-05,1.517023e-10
"GBGJ01040728",0.0540411,1.905056e-05,0.04956604
"GBGJ01040860",0.0001067279,8.860676e-09,7.83166e-05
"GBGJ01040905",1.634748e-07,0.0702677,1.197143e-07
"GBGJ01040907",3.28464e-06,3.792135e-05,4.02783e-06
"GBGJ01040976",9.330943e-07,0.04119047,1.356581e-06
"GBGJ01041213",0.01786281,4.781991e-06,0.01720877
"GBGJ01041421",2.424821e-13,0.00574761,2.65508e-13
"GBGJ01041508",2.71961e-05,0.2433946,4.19557e-05
"GBGJ01041509",3.28188e-08,0.02829612,2.991614e-08
"GBGJ01041510",1.021838e-05,0.1315799,9.482097e-06
"GBGJ01041541",5.223225e-06,0.05687318,4.791432e-06
"GBGJ01041692",9.336288e-12,0.0001697214,1.253041e-11
"GBGJ01041821",4.98652e-07,0.01330334,5.63262e-07
"GBGJ01041882",1.510576e-05,0.001221938,1.308636e-05
"GBGJ01041901",0.01030567,5.4809e-05,0.00936806
"GBGJ01042101",0.003713961,7.706686e-08,0.003556787
"GBGJ01042215",0.0003384204,8.48474e-06,0.0002570549
"GBGJ01042231",0.004371342,4.223028e-05,0.004416687
"GBGJ01042271",0.0005024685,4.176773e-06,0.0004353252
"GBGJ01042541",2.918937e-06,2.307855e-05,2.18972e-06
"GBGJ01043109",0.1306625,3.593286e-44,0.1306625
"GBGJ01043709",0.003240056,1.356564e-05,0.003362833
"GBGJ01043710",0.0005854902,4.402039e-05,0.0005491108
"GBGJ01043771",6.688155e-07,0.06783126,8.000164e-07
"GBGJ01044221",7.813988e-06,0.0008962154,7.57617e-06
"GBGJ01044223",4.674522e-07,2.847556e-07,3.222084e-07
"GBGJ01044224",0.05238702,2.54216e-07,0.05191296
"GBGJ01044296",7.470443e-07,0.0006624834,6.497834e-07
"GBGJ01044317",0.008541916,4.328825e-06,0.008945295
"GBGJ01044572",1.363335e-06,0.037394,1.249944e-06
"GBGJ01044577",1.324263e-05,0.01190488,1.663863e-05
"GBGJ01044805",2.696498e-08,0.002167832,2.727064e-08
"GBGJ01044862",4.224445e-07,1.964614e-06,3.807296e-07
"GBGJ01044868",0.1394619,5.389308e-06,0.1383697
"GBGJ01044941",5.760542e-06,0.07150929,5.630287e-06
"GBGJ01044949",2.406969e-08,0.171187,2.548131e-08
"GBGJ01045029",5.446718e-06,0.01708098,5.83943e-06
"GBGJ01045078",2.047803e-06,0.00125196,2.133904e-06
"GBGJ01045079",1.424257e-08,0.05429183,1.54795e-08
"GBGJ01045123",1.350684e-06,0.0002126665,1.373839e-06
"GBGJ01045303",6.437918e-10,0.0008884433,8.024223e-10
"GBGJ01045508",0.1326323,1.857085e-44,0.1326323
"GBGJ01045848",4.803278e-13,8.710856e-06,4.839092e-13
"GBGJ01045936",1.430356e-07,3.459274e-12,3.607397e-08
"GBGJ01045937",3.309481e-11,1.284619e-09,2.538695e-11
"GBGJ01046323",1.868314e-05,0.01975528,1.945785e-05
"GBGJ01046444",5.661464e-05,0.000107889,5.981577e-05
"GBGJ01046573",8.463432e-06,0.001807353,8.318301e-06
"GBGJ01047123",0.004576512,5.593702e-07,0.004539498
"GBGJ01047125",0.02636784,8.6936e-08,0.0235433
"GBGJ01047392",7.50137e-14,0.00113473,5.996063e-14
"GBGJ01047639",3.163691e-07,0.002768401,3.68453e-07
"GBGJ01047675",1.444349e-06,0.0478454,1.494576e-06
"GBGJ01047729",0.004425281,8.149068e-46,0.004481478
"GBGJ01047755",0.01768196,2.475813e-30,0.007128356
"GBGJ01048042",7.594819e-05,0.0002531379,6.4439e-05
"GBGJ01048084",5.296253e-06,0.04315405,5.707232e-06
"GBGJ01048221",0.00383988,7.148988e-05,0.00383988
"GBGJ01048345",4.516241e-05,4.694175e-05,3.876476e-05
"GBGJ01048689",0.1276944,1.691018e-05,0.1276944
"GBGJ01048734",8.701357e-10,0.03577748,6.133604e-10
"GBGJ01048736",2.583303e-06,0.0001545824,2.119406e-06
"GBGJ01049037",9.421163e-06,0.008896199,1.385141e-05
"GBGJ01049459",1.344632e-05,0.009202773,1.20527e-05
"GBGJ01049606",0.006848823,1.633913e-07,0.005665381
"GBGJ01049630",5.479478e-08,4.250582e-05,5.844284e-08
"GBGJ01049633",8.024223e-10,0.0008434215,7.106446e-10
"GBGJ01049636",2.179084e-09,0.0649491,3.767833e-09
"GBGJ01049667",0.0001048216,3.917687e-05,0.0001093555
"GBGJ01049668",0.008903161,1.143278e-05,0.008903161
"GBGJ01049872",1.881562e-07,0.0001000886,2.173193e-07
"GBGJ01049926",1.531915e-10,0.01623108,1.72964e-10
"GBGJ01050127",0.008334052,3.779498e-05,0.00824083
"GBGJ01050128",0.0003606041,8.382371e-06,0.0003705957
"GBGJ01050142",2.676793e-07,0.002347712,2.92762e-07
"GBGJ01050446",1.899194e-07,1.473519e-07,9.474945e-08
"GBGJ01050479",0.00803119,4.711681e-05,0.008253649
"GBGJ01050487",0.00042721,9.262093e-07,0.0004678418
"GBGJ01050488",7.185471e-05,4.922945e-06,7.185471e-05
"GBGJ01050489",0.005320683,5.670311e-05,0.005126366
"GBGJ01050627",3.862612e-05,0.0002335176,3.897676e-05
"GBGJ01050719",1.948592e-10,9.207447e-08,1.377938e-10
"GBGJ01050747",0.02073214,2.611821e-07,0.01991812
"GBGJ01050754",5.856396e-08,2.919488e-07,5.57167e-08
"GBGJ01050767",1.484788e-05,0.001999785,1.266468e-05
"GBGJ01050769",5.998505e-08,8.265774e-11,7.020902e-08
"GBGJ01050833",5.307384e-07,0.004840387,5.637062e-07
"GBGJ01050875",1.049721e-05,1.843636e-05,1.306927e-05
"GBGJ01050919",2.577674e-05,0.004058119,2.14978e-05
"GBGJ01051029",0.001988901,5.6866e-05,0.001881385
"GBGJ01051154",2.106551e-09,0.004314106,2.953261e-09
"GBGJ01051156",2.812456e-07,1.297106e-08,1.719689e-07
"GBGJ01051379",1.348311e-11,0.002215309,1.954873e-11
"GBGJ01051496",5.193274e-05,0.009263148,5.193274e-05
"GBGJ01051688",0.01054511,4.307937e-06,0.009544797
"GBGJ01051689",3.639687e-05,0.001831658,3.058267e-05
"GBGJ01051961",0.0006327373,8.72418e-06,0.0005859744
"GBGJ01052014",0.1276944,2.760691e-13,0.1276944
"GBGJ01052034",0.0007462681,2.122986e-16,0.0007114236
"GBGJ01052241",1.068616e-09,0.001028926,9.772262e-10
"GBGJ01052439",5.636411e-07,2.256799e-06,6.185879e-07
"GBGJ01052544",1.232941e-05,1.304766e-07,1.516984e-05
"GBGJ01052705",3.948677e-07,0.001608579,6.737499e-07
"GBGJ01052759",0.000377878,1.860783e-05,0.000298498
"GBGJ01052930",1.664242e-05,0.00464445,1.622706e-05
"GBGJ01053264",6.698778e-05,0.2433946,7.708946e-05
"GBGJ01053706",2.228892e-05,5.764129e-07,1.871747e-05
"GBGJ01053707",0.24389,5.178607e-09,0.2273596
"GBGJ01054155",0.0002409348,1.346614e-06,0.000323188
"GBGJ01054273",1.538395e-07,0.001053668,1.198979e-07
"GBGJ01054274",1.034797e-06,0.01873024,9.437078e-07
"GBGJ01054482",0.04258723,1.03445e-15,0.0306406
"GBGJ01054514",0.005275648,1.076894e-06,0.004554715
"GBGJ01054679",0.02187963,4.374113e-05,0.02161181
"GBGJ01054689",6.113543e-07,0.0009069945,6.246913e-07
"GBGJ01054717",2.33737e-06,0.007424363,2.84213e-06
"GBGJ01055416",4.592152e-07,0.01150994,4.943771e-07
"GBGJ01055417",7.747413e-06,0.007194002,8.27285e-06
"GBGJ01055418",1.1969e-07,0.06677796,1.357271e-07
"GBGJ01055567",0.0002974397,5.17131e-05,0.000301409
"GBGJ01056030",0.005659545,4.643174e-07,0.005067169
"GBGJ01056032",0.07088198,6.48567e-06,0.0633117
"GBGJ01056091",8.280335e-06,3.940971e-07,5.511486e-06
"GBGJ01056092",7.279798e-15,0.001945119,6.247833e-15
"GBGJ01056093",2.403919e-07,0.0006811522,2.344074e-07
"GBGJ01056095",1.902435e-06,0.001573506,1.442456e-06
"GBGJ01056096",1.247715e-06,0.001281056,1.288351e-06
"GBGJ01056346",0.01933967,5.978883e-05,0.01968219
"GBGJ01056475",1.454335e-08,0.001015842,1.149563e-08
"GBGJ01056603",0.000415706,6.31005e-05,0.0004516359
"GBGJ01057040",4.791338e-05,5.69187e-05,5.033233e-05
"GBGJ01057163",0.008621446,7.41351e-05,0.009015377
"GBGJ01057166",0.2433946,6.507638e-05,0.2433946
"GBGJ01057307",9.328415e-06,0.05540737,1.208423e-05
"GBGJ01057556",6.838522e-05,0.003228586,8.022976e-05
"GBGJ01057584",8.730524e-06,3.639993e-05,6.574827e-06
"GBGJ01057634",3.966534e-05,0.0002995866,4.13269e-05
"GBGJ01057637",4.160486e-07,0.01074108,5.024967e-07
"GBGJ01057802",2.801737e-11,4.976262e-06,3.349053e-11
"GBGJ01057805",1.599939e-05,0.002087425,1.425583e-05
"GBGJ01057806",3.240581e-09,1.500251e-05,3.966946e-09
"GBGJ01057955",1.210275e-08,0.0001363089,8.088261e-09
"GBGJ01057990",0.02889075,2.553307e-15,0.02650564
"GBGJ01058042",1.128798e-06,0.0006130139,9.894705e-07
"GBGJ01058144",2.0185e-11,0.1276944,2.162072e-11
"GBGJ01058319",0.02810485,6.522189e-05,0.02651202
"GBGJ01058346",9.107674e-14,0.08752962,2.815957e-13
"GBGJ01058478",3.347131e-06,2.08057e-06,3.841942e-06
"GBGJ01058545",3.812609e-12,0.002916129,5.779023e-12
"GBGJ01058599",0.01048311,3.312906e-05,0.008746503
"GBGJ01059788",0.003017291,7.2568e-50,0.0002071548
"GBGJ01059816",7.549428e-07,0.01463466,8.498243e-07
"GBGJ01059934",5.12977e-06,0.2433946,4.879811e-06
"GBGJ01059937",7.267289e-06,2.370546e-08,5.912749e-06
"GBGJ01060013",3.04931e-05,0.0003314639,2.381324e-05
"GBGJ01060524",9.691209e-07,0.0001273105,1.269419e-06
"GBGJ01061005",1.054418e-05,1.397606e-06,1.165175e-05
"GBGJ01061125",0.001827716,8.80179e-06,0.001471777
"GBGJ01061126",2.649789e-05,7.461201e-06,2.319974e-05
"GBGJ01061393",5.36985e-06,0.0005194005,5.706786e-06
"GBGJ01061516",1.04595e-05,0.01782813,9.967995e-06
"GBGJ01061609",3.389842e-07,1.234705e-05,2.687158e-07
"GBGJ01061611",1.100435e-06,0.0005334271,9.230054e-07
"GBGJ01061614",2.558131e-08,5.775174e-09,1.234446e-08
"GBGJ01061615",2.702554e-07,1.105823e-08,1.333914e-07
"GBGJ01061627",1.363582e-06,2.390012e-05,8.478652e-07
"GBGJ01061633",0.0008849112,1.554678e-06,0.0007072625
"GBGJ01061689",8.403906e-05,0.05842082,7.231763e-05
"GBGJ01061824",0.08727913,1.238421e-08,0.07785251
"GBGJ01061827",2.926978e-05,1.850447e-06,2.05921e-05
"GBGJ01062063",0.003049107,2.85869e-07,0.002930299
"GBGJ01062094",0.0002404629,1.189499e-05,0.0001795232
"GBGJ01062096",4.338425e-07,0.002548756,3.981721e-07
"GBGJ01062178",0.001322105,1.218024e-06,0.001102896
"GBGJ01062379",0.0004374648,2.322856e-09,0.0003235035
"GBGJ01062380",2.781034e-05,2.498205e-05,2.077092e-05
"GBGJ01062386",1.035967e-05,1.573977e-06,8.079941e-06
"GBGJ01062538",7.064087e-05,0.02196071,7.198939e-05
"GBGJ01062855",0.008052827,1.232396e-68,0.006407868
"GBGJ01063193",5.683558e-05,0.001056104,5.221499e-05
"GBGJ01063322",0.1363734,1.520464e-21,0.1109475
"GBGJ01063588",0.01606532,3.623774e-05,0.01504611
"GBGJ01063979",8.28335e-05,0.01868282,7.058776e-05
"GBGJ01063981",5.5125e-07,0.0001201178,5.5125e-07
"GBGJ01064163",2.453016e-05,0.00219711,2.643466e-05
"GBGJ01064291",1.524847e-10,0.03071943,1.760554e-10
"GBGJ01064637",9.016095e-08,0.00158088,8.993288e-08
"GBGJ01064705",0.07015016,3.929624e-62,0.04026774
"GBGJ01064706",0.1276944,2.210932e-69,0.0982734
"GBGJ01064722",6.187551e-09,0.0369096,1.315345e-08
"GBGJ01064725",0.0004791348,6.494725e-07,0.000461376
"GBGJ01064844",0.1326323,1.150458e-14,0.1326323
"GBGJ01064860",0.0007282137,6.499776e-05,0.0007234862
"GBGJ01064862",0.003749087,6.312266e-11,0.003125275
"GBGJ01064868",0.01488947,2.082581e-09,0.01409667
"GBGJ01065209",3.10065e-05,0.06783126,3.504517e-05
"GBGJ01065609",2.036707e-05,0.1638894,1.862433e-05
"GBGJ01065728",0.01546695,1.717822e-07,0.01786914
"GBGJ01066356",0.01105278,8.854671e-05,0.01166681
"GBGJ01066483",0.0003533254,1.312579e-05,0.0003208777
"GBGJ01066574",1.714769e-07,4.898155e-07,1.062765e-07
"GBGJ01066799",0.002771546,1.307289e-11,0.002282268
"GBGJ01066803",0.04169613,1.413967e-06,0.04184811
"GBGJ01066950",3.171139e-05,0.0003903982,2.756606e-05
"GBGJ01066951",0.01716591,3.446869e-08,0.01790769
"GBGJ01067100",5.968011e-06,0.004949394,5.714857e-06
"GBGJ01067332",7.308993e-06,5.041674e-06,1.05712e-05
"GBGJ01067452",0.0516311,7.648293e-06,0.05099022
"GBGJ01067453",0.003754044,1.607867e-05,0.004986359
"GBGJ01067495",0.007342454,8.615692e-05,0.007257307
"GBGJ01067629",0.0007325416,4.251019e-05,0.000623939
"GBGJ01067632",6.274752e-09,0.000780418,5.128525e-09
"GBGJ01067656",8.997351e-05,0.2459615,9.017011e-05
"GBGJ01067903",2.225212e-07,7.481374e-06,1.958715e-07
"GBGJ01067904",2.093798e-06,0.0007713582,2.028349e-06
"GBGJ01067980",0.007664551,9.718958e-06,0.007573856
"GBGJ01068560",0.2433946,6.677756e-05,0.2433946
"GBGJ01068908",1.530709e-09,5.260234e-07,5.689226e-09
"GBGJ01069374",2.40537e-09,0.1276944,4.416065e-09
"GBGJ01069377",0.1276944,2.300276e-84,0.1044921
"GBGJ01069593",3.86774e-05,0.01004096,3.795624e-05
"GBGJ01069808",2.835295e-05,0.0006077911,2.840803e-05
"GBGJ01070192",9.369295e-06,0.0001311451,9.00782e-06
"GBGJ01071036",5.545654e-05,0.001144823,5.885138e-05
"GBGJ01071533",2.153757e-05,1.844505e-06,2.040292e-05
"GBGJ01071534",0.0004093477,2.25008e-05,0.000417474
"GBGJ01071571",1.658534e-06,0.0008069037,1.861477e-06
"GBGJ01071572",0.03618642,2.042905e-72,0.03618642
"GBGJ01072177",4.395505e-06,0.002102473,4.330218e-06
"GBGJ01072849",0.1880078,4.40866e-06,0.1825911
"GBGJ01072868",2.267002e-06,0.001339297,1.165713e-06
"GBGJ01073455",6.218662e-05,6.012515e-06,4.758729e-05
"GBGJ01073490",0.0051669,3.102923e-06,0.005142405
"GBGJ01073668",4.061429e-05,0.06959386,4.210685e-05
"GBGJ01073971",0.0002917923,3.291878e-05,0.0002640217
"GBGJ01074434",0.4351844,3.707407e-08,0.4323618
"GBGJ01074603",4.571654e-11,0.002421937,3.378285e-11
"GBGJ01074736",0.000333796,2.387056e-06,0.0003451111
"GBGJ01074739",9.631406e-07,0.01202198,1.08328e-06
"GBGJ01074952",9.655298e-06,6.612963e-05,9.858316e-06
"GBGJ01075614",2.801827e-07,0.0001147495,2.56667e-07
"GBGJ01075629",0.0495115,1.079954e-30,0.03098343
"GBGJ01075678",2.556681e-05,0.1276944,2.265835e-05
"GBGJ01075711",0.1289071,8.613268e-45,0.06930435
"GBGJ01075718",0.001639785,2.935275e-06,0.001714572
"GBGJ01075736",0.1276944,1.781845e-59,0.1276944
"GBGJ01075805",9.517287e-13,0.1228142,1.172931e-12
"GBGJ01075809",7.465561e-06,1.717144e-05,6.832674e-06
"GBGJ01075814",0.2344996,1.666538e-06,0.2420693
"GBGJ01075827",1.215426e-07,0.1711914,1.069733e-07
"GBGJ01075906",7.899213e-09,0.009133879,6.968682e-09
"GBGJ01075914",5.995763e-06,0.05032726,6.545858e-06
"GBGJ01075999",0.006653729,4.140412e-07,0.006800745
"GBGJ01076013",3.397226e-05,0.07151266,3.321113e-05
"GBGJ01076023",1.591944e-05,0.2433946,1.67089e-05
"GBGJ01076028",5.216844e-07,1.499835e-07,4.376064e-07
"GBGJ01076061",4.479364e-11,0.1172608,4.479364e-11
"GBGJ01076081",8.252033e-05,0.04062953,7.740942e-05
"GBGJ01076094",0.008844811,8.312574e-05,0.008513094
"GBGJ01076101",1.018082e-07,0.07884758,6.048767e-08
"GBGJ01076121",0.001900848,1.304104e-07,0.001519114
"GBGJ01076126",2.306883e-08,0.01750311,1.989167e-08
"GBGJ01076143",1.971559e-07,0.0001342676,3.021068e-07
"GBGJ01076215",0.005320683,2.23257e-07,0.00537694
"GBGJ01076223",1.582865e-07,0.09291705,1.605027e-07
"GBGJ01076230",8.699171e-09,0.1276944,1.444247e-08
"GBGJ01076296",8.274062e-05,9.554201e-05,9.060277e-05
"GBGJ01076346",9.295552e-10,0.03042378,8.485233e-10
"GBGJ01076383",2.372041e-05,0.02140733,3.041784e-05
"GBGJ01076398",9.232443e-11,0.0009215609,1.112092e-10
"GBGJ01076563",5.685948e-07,0.07015016,5.749653e-07
"GBGJ01076647",8.86621e-05,0.4542974,0.0001089604
"GBGJ01076673",1.411425e-05,1.909096e-05,1.024074e-05
"GBGJ01076680",0.02118541,1.189198e-38,0.02118541
"GBGJ01076686",3.45278e-07,0.000710155,2.909682e-07
"GBGJ01076688",0.2216954,2.198023e-70,0.0939051
"GBGJ01076707",2.34317e-12,0.0001562681,1.432726e-12
"GBGJ01076716",3.030521e-05,0.2433946,3.068191e-05
"GBGJ01076740",1.387892e-06,3.632895e-08,8.047213e-07
"GBGJ01076746",3.135532e-05,0.1553126,3.066587e-05
"GBGJ01076765",2.805124e-05,0.02785448,2.910867e-05
"GBGJ01076777",4.091915e-06,0.06739357,4.611524e-06
"GBGJ01076794",8.537739e-08,1.490638e-07,7.06121e-08
"GBGJ01076915",2.865485e-05,4.808573e-05,2.301815e-05
"GBGJ01076919",0.0004274489,2.3638e-09,0.0003153152
"GBGJ01076959",0.0006146049,1.723867e-06,0.0005652493
"GBGJ01076962",7.310883e-05,4.199159e-09,7.275971e-05
"GBGJ01077041",7.31604e-05,0.08735914,7.76442e-05
"GBGJ01077069",1.203134e-06,0.2466159,1.215435e-06
"GBGJ01077094",1.353202e-07,0.0001082163,8.813944e-08
"GBGJ01077152",1.488885e-05,0.01371363,1.691681e-05
"GBGJ01077169",1.805578e-08,1.86442e-11,4.445043e-09
"GBGJ01077177",2.277778e-05,0.1124594,2.916052e-05
"GBGJ01077191",5.441094e-07,2.981687e-06,4.688402e-07
"GBGJ01077201",0.007722709,9.300178e-08,0.006373559
"GBGJ01077224",2.150811e-06,0.1101269,2.427895e-06
"GBGJ01077319",1.755898e-10,0.0006630269,1.572802e-10
"GBGJ01077322",0.1418425,7.009938e-05,0.1337551
"GBGJ01077363",0.1620092,1.087583e-45,0.09058402
"GBGJ01077370",2.120053e-07,0.003928787,3.25208e-07
"GBGJ01077438",0.2433946,5.666967e-07,0.2433946
"GBGJ01077442",6.9122e-06,0.009194395,6.700034e-06
"GBGJ01077452",0.2433946,1.378218e-56,0.2433946
"GBGJ01077464",0.001728373,4.522134e-05,0.001463792
"GBGJ01077545",1.190642e-10,0.2433946,1.165694e-10
"GBGJ01077552",0.004200463,3.982428e-05,0.003488948
"GBGJ01077570",6.003657e-06,0.2054815,8.939747e-06
"GBGJ01077576",0.0007768562,2.341201e-05,0.0006950517
"GBGJ01077604",5.545654e-05,0.000623939,4.130639e-05
"GBGJ01077619",6.581199e-06,0.1306625,7.964448e-06
"GBGJ01077665",3.773941e-08,0.2433946,4.710857e-08
"GBGJ01077668",8.959198e-07,5.592879e-05,8.099407e-07
"GBGJ01077678",0.01193504,3.40235e-07,0.01119765
"GBGJ01077709",0.2433946,4.964731e-68,0.2433946
"GBGJ01077714",0.0001563888,8.279668e-08,0.0001936502
"GBGJ01077745",0.06414662,5.128232e-06,0.06322577
"GBGJ01077750",7.658038e-05,0.007586341,8.206994e-05
"GBGJ01077760",2.576412e-05,0.002345225,2.735164e-05
"GBGJ01077791",4.481561e-09,0.000171232,5.668538e-09
"GBGJ01077824",9.066447e-06,4.26942e-07,6.13219e-06
"GBGJ01077833",0.003303565,9.599288e-08,0.002673462
"GBGJ01077854",0.06858041,2.270653e-08,0.0680825
"GBGJ01077867",1.58278e-05,0.01357716,1.837306e-05
"GBGJ01077920",1.179264e-11,1.814034e-05,9.329296e-12
"GBGJ01077929",6.308005e-05,2.491603e-09,6.203866e-05
"GBGJ01077930",0.01828846,6.417461e-05,0.01756167
"GBGJ01077949",2.832038e-14,3.075315e-08,3.480101e-14
"GBGJ01077978",0.02759115,7.348878e-05,0.02521723
"GBGJ01077997",4.593357e-06,0.06810164,3.952368e-06
"GBGJ01078017",0.1306625,6.560937e-06,0.1306625
"GBGJ01078068",1.32274e-07,0.05728164,1.314413e-07
"GBGJ01078070",2.616943e-07,3.217731e-11,2.388476e-07
"GBGJ01078147",1.515939e-05,0.1152057,1.552294e-05
"GBGJ01078170",3.823429e-09,0.01117666,3.132008e-09
"GBGJ01078182",0.00299738,6.88156e-06,0.00286215
"GBGJ01078247",2.060636e-10,2.108844e-06,9.078365e-11
"GBGJ01078276",0.005903537,7.871924e-10,0.004674094
"GBGJ01078301",0.2127695,5.197622e-07,0.2106904
"GBGJ01078342",6.553544e-11,2.881348e-06,4.481538e-11
"GBGJ01078349",1.88091e-06,0.06548027,2.98646e-06
"GBGJ01078355",0.0007958875,7.537397e-10,0.0008334818
"GBGJ01078409",2.213597e-13,0.005971051,1.900196e-13
"GBGJ01078441",1.932135e-09,0.1054495,2.282936e-09
"GBGJ01078465",4.005883e-09,0.213502,3.826719e-09
"GBGJ01078480",0.0269355,2.11381e-05,0.02651195
"GBGJ01078514",2.722893e-06,0.06783126,2.931339e-06
"GBGJ01078525",0.2433946,2.564445e-14,0.2433946
"GBGJ01078570",2.676039e-09,9.55317e-05,2.140278e-09
"GBGJ01078590",1.11475e-10,0.0003719104,5.509598e-11
"GBGJ01078603",1.534725e-06,3.235932e-09,7.323616e-07
"GBGJ01078630",4.635866e-08,0.02063917,6.046678e-08
"GBGJ01078635",4.280665e-10,2.667313e-05,3.280118e-10
"GBGJ01078664",7.656699e-05,1.191364e-06,6.993717e-05
"GBGJ01078680",0.01421754,3.512764e-08,0.01415878
"GBGJ01078682",1.219926e-08,0.002962737,2.47621e-08
"GBGJ01078698",6.135748e-06,0.02802476,9.360557e-06
"GBGJ01078800",1.025657e-07,0.2433946,1.013822e-07
"GBGJ01078806",0.1152154,1.903583e-07,0.1108873
"GBGJ01078831",7.741971e-09,0.000265474,6.896608e-09
"GBGJ01078834",7.099672e-05,0.0001928215,6.535684e-05
"GBGJ01078845",3.083362e-05,2.6753e-09,2.676877e-05
"GBGJ01078846",5.584788e-05,0.009872645,5.043833e-05
"GBGJ01078870",1.546196e-17,0.07494955,1.295016e-17
"GBGJ01078873",8.264455e-05,0.000942541,9.46872e-05
"GBGJ01078874",0.06783126,1.007285e-67,0.06783126
"GBGJ01078876",0.2433946,1.358018e-46,0.2433946
"GBGJ01078887",1.92718e-06,2.218517e-09,1.231219e-06
"GBGJ01078896",6.13426e-05,0.06783126,5.584788e-05
"GBGJ01078921",1.211604e-05,3.563938e-08,1.7435e-05
"GBGJ01078927",5.373886e-07,2.292778e-05,4.116672e-07
"GBGJ01078933",2.394923e-08,0.05945744,2.325005e-08
"GBGJ01078972",3.725193e-07,0.2433946,7.708475e-07
"GBGJ01078982",2.088995e-07,0.03880437,2.040543e-07
"GBGJ01078985",5.661802e-08,0.04962707,7.108553e-08
"GBGJ01078994",6.985412e-05,0.0001606633,6.642758e-05
"GBGJ01078995",0.06997988,8.103202e-06,0.06445362
"GBGJ01079000",2.291043e-11,0.001153363,1.973563e-11
"GBGJ01079005",6.173597e-06,0.0002895206,6.022223e-06
"GBGJ01079028",6.217264e-08,1.730186e-07,3.390438e-08
"GBGJ01079062",3.516714e-07,0.0003241352,2.646468e-07
"GBGJ01079074",0.01068323,3.642298e-09,0.009981349
"GBGJ01079088",0.1306625,8.255717e-05,0.1306625
"GBGJ01079145",5.390795e-09,2.948234e-07,2.464944e-09
"GBGJ01079150",7.014475e-11,0.004415489,4.683108e-11
"GBGJ01079157",0.001187586,5.049894e-10,0.0007009457
"GBGJ01079166",0.1169544,6.370817e-07,0.1117245
"GBGJ01079171",3.244116e-09,0.02864476,3.052691e-09
"GBGJ01079181",7.66827e-07,0.00157209,5.275676e-07
"GBGJ01079183",4.719777e-05,0.07713288,4.374113e-05
"GBGJ01079185",2.367892e-09,0.06618472,2.473133e-09
"GBGJ01079201",3.282509e-11,0.007607565,2.985595e-11
"GBGJ01079255",6.966512e-12,0.01118008,6.508131e-12
"GBGJ01079272",8.783242e-05,0.3117653,8.889807e-05
"GBGJ01079310",3.642908e-10,0.04263594,3.428768e-10
"GBGJ01079327",0.002969637,3.233467e-09,0.002007267
"GBGJ01079347",2.541738e-05,0.04443494,3.07702e-05
"GBGJ01079374",6.026512e-09,1.897637e-11,7.948842e-09
"GBGJ01079403",4.357137e-05,0.001064241,5.702874e-05
"GBGJ01079420",0.006193518,3.517971e-07,0.005896559
"GBGJ01079425",0.01459808,2.776198e-17,0.008635906
"GBGJ01079440",9.967995e-06,2.04455e-06,8.410573e-06
"GBGJ01079459",7.38674e-06,0.0001181284,1.140088e-05
"GBGJ01079474",1.946595e-09,4.547088e-12,8.575969e-10
"GBGJ01079488",0.0006709061,5.13014e-06,0.0006819648
"GBGJ01079490",0.4772669,1.779216e-54,0.4772669
"GBGJ01079493",0.00157816,3.65182e-05,0.001562669
"GBGJ01079505",1.182124e-05,0.1276944,1.244087e-05
"GBGJ01079525",0.008508093,6.641611e-24,0.008776714
"GBGJ01079544",0.4683675,1.003859e-12,0.4683675
"GBGJ01079549",6.943115e-08,0.02654158,5.997915e-08
"GBGJ01079593",5.613976e-07,0.06783126,5.847874e-07
"GBGJ01079597",7.419739e-11,4.223856e-06,2.817597e-11
"GBGJ01079619",8.517008e-05,0.01891909,0.0001047598
"GBGJ01079637",1.670327e-20,0.01781182,2.025856e-20
"GBGJ01079647",1.685206e-12,3.916332e-05,1.243218e-12
"GBGJ01079657",2.805627e-10,1.06716e-05,1.885825e-10
"GBGJ01079666",2.777391e-05,0.1054426,3.549134e-05
"GBGJ01079690",1.76857e-12,0.003864349,1.805448e-12
"GBGJ01079710",0.07131171,2.687528e-05,0.07131171
"GBGJ01079717",0.002828072,6.429683e-06,0.002495575
"GBGJ01079729",8.521875e-10,0.0004990892,6.82825e-10
"GBGJ01079739",3.415935e-06,1.005249e-05,2.219334e-06
"GBGJ01079745",0.003662179,9.366658e-06,0.00313907
"GBGJ01079750",0.006718094,4.496958e-08,0.006061265
"GBGJ01079754",0.1276944,2.251003e-06,0.1276944
"GBGJ01079807",2.424638e-09,1.347014e-09,1.754137e-09
"GBGJ01079819",5.243755e-09,0.01674057,7.054269e-09
"GBGJ01079838",1.141859e-07,0.03495446,9.583993e-08
"GBGJ01079847",5.357978e-05,2.302535e-06,7.231763e-05
"GBGJ01079905",0.001817542,9.052128e-08,0.001807897
"GBGJ01079907",4.153247e-08,8.535329e-11,1.425377e-08
"GBGJ01079918",5.256353e-08,0.2433946,6.462237e-08
"GBGJ01079969",2.133578e-18,0.2362532,2.583181e-18
"GBGJ01080013",9.517163e-06,0.0006417741,9.852334e-06
"GBGJ01080015",3.285997e-05,0.01696174,3.106228e-05
"GBGJ01080032",0.4772669,3.775e-49,0.4772669
"GBGJ01080034",5.316841e-07,2.279877e-09,2.977867e-07
"GBGJ01080035",0.008316295,2.974323e-06,0.008328626
"GBGJ01080048",0.05991173,1.024074e-05,0.05972717
"GBGJ01080052",6.283284e-05,0.02532391,6.362448e-05
"GBGJ01080071",0.02699768,1.451599e-05,0.02698731
"GBGJ01080121",8.769433e-08,0.04388652,1.022324e-07
"GBGJ01080182",1.08074e-07,8.482057e-10,4.444234e-08
"GBGJ01080230",0.001393698,1.991723e-05,0.001417507
"GBGJ01080238",1.726373e-15,7.024693e-06,1.146745e-15
"GBGJ01080243",0.02620347,8.715936e-05,0.02481056
"GBGJ01080249",6.36534e-10,0.007377454,8.553644e-10
"GBGJ01080261",0.07131171,9.657855e-07,0.07131171
"GBGJ01080274",3.77191e-06,2.721728e-07,3.015231e-06
"GBGJ01080280",1.537092e-16,0.2433946,1.84896e-16
"GBGJ01080317",0.1225647,4.374271e-58,0.1160739
"GBGJ01080326",0.03618642,2.909682e-07,0.03618642
"GBGJ01080327",4.699394e-06,3.92276e-09,2.551945e-06
"GBGJ01080341",1.42355e-06,0.007981786,1.692508e-06
"GBGJ01080348",4.049391e-10,0.02379007,2.932656e-10
"GBGJ01080373",8.121372e-05,0.05257346,0.0001241454
"GBGJ01080383",0.2433946,8.353037e-12,0.2433946
"GBGJ01080401",4.754321e-05,0.0001031597,4.708305e-05
"GBGJ01080407",8.610255e-07,0.1112922,8.917424e-07
"GBGJ01080429",0.2433946,4.798661e-07,0.2433946
"GBGJ01080441",2.310456e-06,0.1369153,4.454954e-06
"GBGJ01080462",0.06783126,7.260757e-10,0.06783126
"GBGJ01080498",8.357381e-05,0.07015016,8.488148e-05
"GBGJ01080518",0.001265676,8.193993e-06,0.001236405
"GBGJ01080527",0.003033277,2.901507e-06,0.00263775
"GBGJ01080540",0.07819122,2.550506e-09,0.06862787
"GBGJ01080557",3.466024e-05,0.0006649039,3.080969e-05
"GBGJ01080574",2.790156e-10,3.942236e-05,1.770028e-10
"GBGJ01080596",1.875555e-06,7.661197e-05,1.5375e-06
"GBGJ01080607",0.0002401742,6.690334e-07,0.0001756371
"GBGJ01080645",0.06783126,8.055152e-88,0.06783126
"GBGJ01080671",0.2433946,3.835926e-05,0.2433946
"GBGJ01080689",3.779949e-05,0.0001207781,3.140686e-05
"GBGJ01080774",0.1306625,2.738624e-05,0.1306625
"GBGJ01080781",5.942154e-05,2.742043e-06,5.338204e-05
"GBGJ01080782",0.04091303,1.054569e-05,0.04125415
"GBGJ01080787",7.597236e-07,0.004256458,9.146683e-07
"GBGJ01080790",1.330124e-06,0.003171591,2.067411e-06
"GBGJ01080791",6.03553e-07,0.2433946,8.472037e-07
"GBGJ01080803",1.62616e-10,1.393924e-07,5.990059e-11
"GBGJ01080811",0.1276944,2.527309e-05,0.1276944
"GBGJ01080824",4.262696e-05,6.271093e-05,3.72112e-05
"GBGJ01080831",0.2433946,6.686541e-19,0.2433946
"GBGJ01080835",1.048817e-05,0.2418435,1.003704e-05
"GBGJ01080873",6.945225e-05,0.0009326929,7.761465e-05
"GBGJ01080882",3.250198e-05,0.01463535,2.8619e-05
"GBGJ01080883",2.328667e-06,0.0003699004,2.905393e-06
"GBGJ01080885",2.54033e-05,0.02447221,2.755973e-05
"GBGJ01080910",1.566132e-06,0.01919907,1.509748e-06
"GBGJ01080912",0.02287002,2.497921e-06,0.0219851
"GBGJ01080919",1.353932e-07,0.0224554,1.394423e-07
"GBGJ01081075",1.582865e-07,1.438394e-05,1.076186e-07
"GBGJ01081107",0.1276944,4.027204e-05,0.1276944
"GBGJ01081128",1.277989e-09,1.623701e-06,6.647805e-10
"GBGJ01081155",0.0006520344,4.329096e-05,0.0006772108
"GBGJ01081232",7.400797e-06,0.06783126,1.112789e-05
"GBGJ01081252",0.1276944,7.057688e-06,0.1276944
"GBGJ01081255",1.121361e-06,8.823023e-05,1.251179e-06
"GBGJ01081323",6.719741e-10,0.002525236,8.838188e-10
"GBGJ01081332",4.026424e-12,0.1283339,7.134393e-12
"GBGJ01081365",1.571894e-05,0.02157175,1.774362e-05
"GBGJ01081376",0.01111222,1.846268e-05,0.01349072
"GBGJ01081501",0.0001919636,1.013775e-08,0.00011388
"GBGJ01081512",1.341885e-06,0.1316483,1.613337e-06
"GBGJ01081535",3.164414e-07,0.01744733,3.665182e-07
"GBGJ01081543",0.0674127,7.29014e-05,0.0631406
"GBGJ01081562",7.332641e-09,1.25088e-07,5.252948e-09
"GBGJ01081599",1.026913e-08,0.0002046626,1.002361e-08
"GBGJ01081624",7.99905e-14,0.01438789,7.99905e-14
"GBGJ01081661",0.1391847,8.770477e-07,0.1320722
"GBGJ01081754",2.55933e-07,0.1276944,2.937993e-07
"GBGJ01081848",1.054147e-07,0.2373824,1.685581e-07
"GBGJ01081852",0.02772637,1.754525e-06,0.02879305
"GBGJ01081863",3.00066e-10,0.0002238047,4.823976e-10
"GBGJ01081884",2.683374e-11,0.0003067795,5.066514e-11
"GBGJ01081918",6.932688e-06,9.989459e-07,4.794653e-06
"GBGJ01081941",2.879286e-05,0.0001171642,2.742656e-05
"GBGJ01082019",0.006358093,5.768709e-26,0.004476385
"GBGJ01082252",9.369274e-06,0.0009594024,1.027031e-05
"GBGJ01082255",1.174793e-09,2.910048e-06,1.209264e-09
"GBGJ01082378",5.505709e-07,0.01491031,6.375339e-07
"GBGJ01082466",0.08206737,2.075835e-05,0.08194024
"GBGJ01082490",6.127232e-05,0.002673255,5.683558e-05
"GBGJ01082518",3.255987e-06,0.2433946,3.105899e-06
"GBGJ01082562",1.009122e-08,0.000482285,8.252633e-09
"GBGJ01082571",9.540841e-11,1.086998e-05,8.041033e-11
"GBGJ01082654",3.839293e-08,0.00239933,5.867228e-08
"GBGJ01082740",0.01383177,8.140477e-05,0.01380954
"GBGJ01082799",5.512304e-08,0.1276944,1.047723e-07
"GBGJ01082806",0.0001014872,5.512304e-08,7.934394e-05
"GBGJ01082851",8.173241e-05,2.075921e-07,7.441911e-05
"GBGJ01082858",1.343482e-09,0.009398269,2.279193e-09
"GBGJ01082860",2.306742e-05,0.1276944,3.121813e-05
"GBGJ01082918",6.97927e-08,0.03431075,6.583928e-08
"GBGJ01082927",1.999703e-05,1.891325e-14,1.250671e-05
"GBGJ01082965",7.318552e-09,0.0001645116,4.167453e-09
"GBGJ01082969",6.56773e-07,0.1276944,7.615156e-07
"GBGJ01082983",0.01267566,3.555557e-07,0.01188078
"GBGJ01082989",7.420437e-06,6.846891e-06,7.613757e-06
"GBGJ01083050",0.1276944,2.85474e-05,0.1276944
"GBGJ01083061",0.01702213,7.223452e-05,0.01662372
"GBGJ01083063",0.001220018,3.479044e-05,0.001184848
"GBGJ01083168",0.0003847627,1.935648e-05,0.0005061159
"GBGJ01083203",0.01320187,5.001473e-12,0.01241459
"GBGJ01083236",1.259547e-05,0.1123754,1.440028e-05
"GBGJ01083253",7.849603e-05,0.004858079,7.256738e-05
"GBGJ01083300",0.03885396,6.064658e-05,0.03885396
"GBGJ01083319",5.957928e-06,0.01161138,7.537739e-06
"GBGJ01083350",3.54056e-06,0.03885396,3.508094e-06
"GBGJ01083438",1.332148e-06,0.06783126,1.04402e-06
"GBGJ01083520",1.865077e-15,0.06783126,1.898402e-15
"GBGJ01083598",0.06026798,7.375239e-10,0.05191296
"GBGJ01083649",0.806547,1.357729e-53,0.7511535
"GBGJ01083672",0.02102701,2.879881e-44,0.005329989
"GBGJ01083737",6.49051e-08,0.01569254,6.692022e-08
"GBGJ01083740",2.465721e-07,0.0008989288,2.330815e-07
"GBGJ01083743",3.770682e-05,0.0004810846,2.975732e-05
"GBGJ01083779",0.0007837986,1.199693e-05,0.0007933495
"GBGJ01083865",1.312263e-16,4.916432e-09,1.023001e-16
"GBGJ01083898",1.281059e-07,0.06695373,1.030759e-07
"GBGJ01083911",2.177453e-07,3.712285e-11,2.177453e-07
"GBGJ01083973",0.07862851,3.850266e-06,0.08252866
"GBGJ01084007",4.109185e-05,0.001643912,4.51236e-05
"GBGJ01084036",0.002498843,2.905399e-45,0.0002175107
"GBGJ01084073",1.362386e-11,0.0002255006,1.466321e-11
"GBGJ01084154",0.01024937,3.593498e-05,0.01024937
"GBGJ01084207",2.546727e-06,0.1276944,2.729713e-06
"GBGJ01084213",7.161344e-06,0.004800747,6.160081e-06
"GBGJ01084303",6.470859e-15,6.76107e-14,2.295651e-15
"GBGJ01084410",0.0004324698,6.532703e-07,0.0004101023
"GBGJ01084423",7.177301e-10,2.52394e-10,4.960503e-10
"GBGJ01084507",1.2176e-06,3.083376e-07,8.056156e-07
"GBGJ01084548",1.010875e-06,0.001774379,1.117936e-06
"GBGJ01084598",0.01929418,1.068244e-08,0.01929418
"GBGJ01084679",9.141664e-09,0.03704791,6.144428e-09
"GBGJ01084719",1.806786e-05,0.03729909,2.211656e-05
"GBGJ01084770",9.650092e-07,0.2433946,8.470821e-07
"GBGJ01084804",1.711927e-13,0.0002437406,1.770431e-13
"GBGJ01084821",0.06731901,9.631679e-53,0.03512441
"GBGJ01084864",1.880641e-05,0.06657146,1.948326e-05
"GBGJ01084963",5.665209e-08,0.000132392,6.040708e-08
"GBGJ01085037",3.634343e-07,0.2433946,4.428671e-07
"GBGJ01085092",4.20202e-05,0.001034641,4.186302e-05
"GBGJ01085102",4.355242e-09,0.000451716,7.198986e-09
"GBGJ01085108",7.088011e-07,0.0163405,9.408966e-07
"GBGJ01085158",0.002073849,1.714844e-06,0.002213182
"GBGJ01085162",8.430524e-05,6.825123e-05,8.754199e-05
"GBGJ01085328",0.1121807,4.348638e-05,0.1196172
"GBGJ01085336",3.942579e-05,0.004178558,5.221499e-05
"GBGJ01085399",0.0003285821,1.533357e-12,0.0002050796
"GBGJ01085593",0.0002656901,2.873344e-05,0.0002174811
"GBGJ01085649",3.410601e-06,0.00129098,3.157543e-06
"GBGJ01085659",0.00107021,1.751224e-08,0.000789736
"GBGJ01085718",0.02552916,3.389862e-45,0.01140212
"GBGJ01085728",6.159643e-05,0.007468052,6.398332e-05
"GBGJ01085923",2.579217e-06,9.824044e-06,2.641065e-06
"GBGJ01085945",1.383278e-05,1.443501e-05,1.136905e-05
"GBGJ01085948",0.0164446,1.507634e-33,0.00943044
"GBGJ01086010",0.0003050295,6.551084e-05,0.0002528476
"GBGJ01086103",0.07264992,2.563676e-08,0.0642822
"GBGJ01086228",0.006611672,9.602589e-12,0.007334051
"GBGJ01086316",0.08626245,2.344015e-07,0.07914405
"GBGJ01086349",0.2466159,2.282996e-05,0.2466159
"GBGJ01086363",1.247509e-05,1.591365e-06,6.502663e-06
"GBGJ01086393",1.655809e-05,0.1276944,2.183614e-05
"GBGJ01086699",2.592804e-07,0.06118616,2.516835e-07
"GBGJ01086785",0.02462876,4.187803e-09,0.02256249
"GBGJ01086854",4.058673e-10,0.1047726,6.335005e-10
"GBGJ01086975",9.9376e-06,0.03784785,1.440028e-05
"GBGJ01087006",2.86612e-19,0.0004735108,3.267094e-19
"GBGJ01087020",4.853873e-08,0.1276944,4.706042e-08
"GBGJ01087080",0.06783126,2.087849e-72,0.06783126
"GBGJ01087095",0.04622103,3.474152e-19,0.03282283
"GBGJ01087112",0.1276944,1.103768e-06,0.1276944
"GBGJ01087176",0.03618642,2.547895e-74,0.03618642
"GBGJ01087192",1.043212e-05,4.3633e-05,1.055131e-05
"GBGJ01087285",0.1276944,2.547895e-74,0.1276944
"GBGJ01087299",6.938332e-10,1.369247e-05,3.017178e-10
"GBGJ01087318",0.01411886,8.036465e-05,0.01289471
"GBGJ01087351",1.422949e-08,7.970841e-05,1.267142e-08
"GBGJ01087452",3.394175e-11,2.14768e-11,1.058342e-11
"GBGJ01087491",6.801701e-08,0.03497653,7.4333e-08
"GBGJ01087544",1.535814e-05,0.0006255963,1.810041e-05
"GBGJ01087569",1.110496e-05,0.00120663,9.091985e-06
"GBGJ01087737",3.27941e-05,0.06116722,3.350552e-05
"GBGJ01087773",0.007451233,5.407263e-13,0.006124747
"GBGJ01087869",0.03871942,1.291116e-59,0.005540526
"GBGJ01088002",0.00312109,6.571084e-09,0.00312109
"GBGJ01088098",0.01264465,3.431977e-06,0.01140945
"GBGJ01088105",0.06283208,2.421143e-50,0.02152624
"GBGJ01088129",0.001573383,6.504967e-05,0.001403135
"GBGJ01088215",6.303572e-07,4.286038e-05,4.423016e-07
"GBGJ01088326",0.000305566,3.680908e-07,0.0002998491
"GBGJ01088349",0.06783126,3.573634e-06,0.06783126
"GBGJ01088390",0.1276944,4.172091e-09,0.1276944
"GBGJ01088440",0.07247445,1.55299e-05,0.07247445
"GBGJ01088467",7.471127e-05,5.844388e-05,7.654373e-05
"GBGJ01088641",3.296733e-06,0.07015016,3.81834e-06
"GBGJ01088658",1.006923e-07,0.04605083,1.025829e-07
"GBGJ01088746",2.384637e-06,0.0352426,2.384637e-06
"GBGJ01088763",0.06783126,4.960344e-65,0.05405456
"GBGJ01088780",0.04861951,2.252931e-05,0.04375782
"GBGJ01088823",2.173897e-06,0.01595627,1.966393e-06
"GBGJ01088879",4.457092e-09,8.009809e-07,5.373422e-09
"GBGJ01088905",8.943686e-08,0.1276944,1.277549e-07
"GBGJ01089098",4.782452e-06,4.807312e-09,2.365284e-06
"GBGJ01089203",0.003053331,6.872971e-05,0.002753275
"GBGJ01089210",0.0006033718,1.146475e-05,0.000552519
"GBGJ01089376",2.95376e-08,0.06603663,2.891508e-08
"GBGJ01089391",0.005021948,1.673123e-07,0.00427969
"GBGJ01089589",0.03643768,8.679746e-07,0.0322332
"GBGJ01089634",1.712039e-06,0.004790456,1.792055e-06
"GBGJ01089869",0.1134467,3.382677e-05,0.1063053
"GBGJ01089888",6.278183e-07,3.923119e-05,5.47515e-07
"GBGJ01089936",1.987435e-06,0.04092511,2.581435e-06
"GBGJ01089979",6.981616e-10,0.02757822,7.704792e-10
"GBGJ01090420",0.02376136,7.982313e-08,0.02205224
"GBGJ01090593",3.110052e-05,0.03576431,2.563245e-05
"GBGJ01090693",3.249302e-06,0.009882973,5.96078e-06
"GBGJ01090737",4.268326e-06,0.005221486,5.561365e-06
"GBGJ01090788",4.825679e-06,0.1026901,4.734198e-06
"GBGJ01090955",5.993796e-09,0.003248608,5.852427e-09
"GBGJ01090971",3.540313e-05,9.751483e-10,2.983429e-05
"GBGJ01090990",6.426164e-08,0.2068363,6.10797e-08
"GBGJ01091071",1.014202e-14,7.410878e-08,4.426967e-15
"GBGJ01091180",4.48339e-05,0.01590484,5.308983e-05
"GBGJ01091475",2.757421e-05,0.01199012,2.560465e-05
"GBGJ01091714",0.2433946,1.954352e-06,0.2433946
"GBGJ01092246",7.468952e-09,3.684916e-05,4.522732e-09
"GBGJ01092697",0.01413628,6.18627e-10,0.01199691
"GBGJ01092854",0.002137453,2.049444e-08,0.002027673
"GBGJ01092911",4.951348e-05,0.1306625,6.319242e-05
"GBGJ01092916",0.0001657085,1.025151e-42,1.574244e-05
"GBGJ01093410",1.286873e-07,3.063322e-07,7.748302e-08
"GBGJ01093743",0.06783126,3.558821e-05,0.06783126
"GBGJ01094767",6.742555e-06,8.403489e-06,4.857592e-06
"GBGJ01097256",1.294942e-06,0.2433946,1.063551e-06
"GBGJ01098784",0.06783126,9.968811e-06,0.06783126
"GBGJ01098814",6.162434e-05,0.2118116,6.197791e-05
"GBGJ01099193",0.06969215,9.522182e-36,0.04340153
"GBGJ01099602",2.939579e-07,0.03649097,3.029274e-07
"GBGJ01100429",0.1844263,1.79348e-51,0.09207271
"GBGJ01100543",1.23548e-06,0.01422709,1.252647e-06
"GBGJ01101177",0.003866702,6.560739e-05,0.004070162
"GBGJ01101307",1.050069e-08,4.924024e-05,1.026134e-08
"GBGJ01101547",8.544771e-07,7.104857e-05,6.842187e-07
"GBGJ01101619",7.681714e-07,1.927022e-09,5.70701e-07
"GBGJ01101620",0.000141266,9.163263e-07,0.0001455522
"GBGJ01102166",1.924561e-11,0.01219887,1.753734e-11
"GBGJ01102340",1.870634e-07,1.071296e-13,1.536262e-07
"GBGJ01102396",9.338772e-08,0.2433946,1.327506e-07
"GBGJ01107365",0.0001886148,7.391055e-05,0.0002210258
"GBGJ01107733",1.589105e-05,0.132824,1.542133e-05
"GBGJ01108018",6.005165e-11,0.007974246,7.718446e-11
"GBGJ01108262",1.194635e-14,2.643137e-17,1.467426e-14
"GBGJ01108354",1.275986e-07,4.218379e-06,7.749614e-08
"GBGJ01108967",0.02123415,2.875559e-06,0.0200855
"GBGJ01111089",6.340405e-09,1.27114e-11,3.053199e-09
"GBGJ01111229",0.06783126,2.733995e-06,0.06783126
"GBGJ01111271",1.273419e-05,0.004802178,6.88545e-06
"GBGJ01112468",0.06783126,4.56514e-07,0.06783126
"GBGJ01113115",1.724616e-05,0.8616524,1.724616e-05
"GBGJ01113346",0.0005787593,6.942951e-06,0.0004804427
"GBGJ01114122",8.149887e-06,0.0002123828,9.324459e-06
"GBGJ01114452",0.0124103,7.36352e-07,0.0124103
"GBGJ01114582",7.456429e-08,1.569644e-06,5.695665e-08
"GBGJ01114743",0.01569161,7.845791e-06,0.01619615
"GBGJ01114818",1.848726e-05,0.002094916,2.028415e-05
"GBGJ01114857",0.2433946,3.312761e-21,0.2433946
"GBGJ01114938",1.380222e-10,0.0006658232,1.62264e-10
"GBGJ01115169",0.06783126,8.334253e-42,0.06783126
"GBGJ01115223",2.505944e-16,0.08920768,3.317741e-16
"GBGJ01115309",3.534891e-05,0.0002422828,3.315871e-05
"GBGJ01115319",0.1276944,4.840354e-06,0.1276944
"GBGJ01115361",1.113879e-19,0.03618642,4.501844e-19
"GBGJ01115410",1.083881e-05,0.000737484,1.070185e-05
"GBGJ01115412",0.03740733,2.740597e-09,0.03172297
"GBGJ01115446",0.02150664,3.167015e-05,0.02269491
"GBGJ01115464",6.251383e-08,0.001154391,3.692263e-08
"GBGJ01115493",2.224781e-07,0.1276944,2.772596e-07
"GBGJ01115529",0.02196071,3.53693e-06,0.02196071
"GBGJ01115578",1.070185e-05,0.01089504,1.024074e-05
"GBGJ01115688",3.687759e-11,1.180047e-08,1.699153e-11
"GBGJ01115696",0.1006997,2.645347e-49,0.05252716
"GBGJ01115829",1.676808e-05,0.00263775,1.625849e-05
"GBGJ01115843",0.05670158,3.9932e-07,0.05463141
"GBGJ01115855",6.421069e-05,0.2395679,6.248334e-05
"GBGJ01115961",3.621018e-07,0.0003197258,3.448875e-07
"GBGJ01116113",0.0108263,7.752693e-05,0.01083891
"GBGJ01116394",2.751135e-06,0.004652479,2.452147e-06
"GBGJ01116411",8.164349e-12,9.772546e-08,3.055757e-12
"GBGJ01116602",0.1201434,9.376221e-07,0.1153163
"GBGJ01116603",0.01681115,1.381711e-08,0.0145434
"GBGJ01116939",0.002330677,1.630681e-07,0.001781882
"GBGJ01117383",3.523193e-10,2.038467e-14,3.553428e-10
"GBGJ01117597",0.1838156,1.619136e-07,0.1812086
"GBGJ01117623",0.000324581,2.808854e-05,0.0002557214
"GBGJ01117624",1.463516e-08,0.2433946,1.533687e-08
"GBGJ01117713",1.728497e-13,0.005599645,1.008596e-13
"GBGJ01117806",4.208366e-06,0.1276944,4.748179e-06
"GBGJ01117932",0.01598604,7.575093e-05,0.01474998
"GBGJ01118420",3.147752e-08,0.126192,4.186161e-08
"GBGJ01118460",0.02694586,5.513204e-05,0.02387031
"GBGJ01118500",0.0001622756,1.972325e-05,0.0001529104
"GBGJ01118628",0.001080243,5.390472e-05,0.0009918955
"GBGJ01118629",0.01631071,1.771956e-09,0.01773087
"GBGJ01118658",0.01023725,6.861416e-08,0.009068627
"GBGJ01118659",0.06783126,3.641112e-09,0.06783126
"GBGJ01118724",4.93198e-06,0.150815,5.302165e-06
"GBGJ01118768",9.885637e-11,0.001814713,1.127833e-10
"GBGJ01118864",0.2860408,7.561617e-05,0.2840666
"GBGJ01118965",0.0007443023,5.598226e-10,0.0006251573
"GBGJ01119006",0.4683675,1.09542e-45,0.4683675
"GBGJ01119013",3.12993e-09,0.09470822,3.091553e-09
"GBGJ01119036",1.046935e-08,0.09624346,1.146824e-08
"GBGJ01119096",3.509574e-05,0.02251372,2.737564e-05
"GBGJ01119274",9.624166e-07,1.216858e-06,9.50778e-07
"GBGJ01119296",1.21554e-07,0.0002112215,1.233538e-07
"GBGJ01119363",1.013436e-05,0.2433946,9.468879e-06
"GBGJ01119378",1.024784e-06,0.2433946,8.48315e-07
"GBGJ01119393",5.492357e-07,0.08136819,8.622121e-07
"GBGJ01119394",5.167669e-10,0.1276944,8.237294e-10
"GBGJ01119400",1.563118e-06,0.03255315,1.873421e-06
"GBGJ01119487",4.562694e-09,0.1326323,7.300672e-09
"GBGJ01119488",1.655385e-08,0.1276944,2.219475e-08
"GBGJ01119727",0.01454436,4.300288e-06,0.01212229
"GBGJ01119750",1.657228e-05,0.1276944,1.843855e-05
"GBGJ01119873",0.01956948,3.756815e-05,0.02016113
"GBGJ01119940",1.660457e-05,0.1276944,2.236193e-05
"GBGJ01119952",0.003999392,4.304327e-06,0.003999392
"GBGJ01119977",0.001217141,1.536262e-07,0.0009696166
"GBGJ01120042",0.07189294,1.06614e-62,0.07189294
"GBGJ01120191",0.005330805,3.192214e-09,0.004057864
"GBGJ01120214",0.4772669,1.220789e-52,0.4612497
"GBGJ01120616",4.578942e-07,3.739006e-11,4.976305e-07
"GBGJ01120662",3.619068e-07,0.007309067,2.622161e-07
"GBGJ01120663",1.704688e-05,0.002341512,1.870774e-05
"GBGJ01120739",4.645599e-05,0.06271909,4.656952e-05
"GBGJ01120740",0.02515173,2.627743e-05,0.02506448
"GBGJ01120755",0.002875466,8.147476e-07,0.002870279
"GBGJ01120807",0.02271829,1.105823e-08,0.02222266
"GBGJ01120869",1.975148e-08,0.1306625,1.858972e-08
"GBGJ01120882",4.963973e-06,0.1276944,7.43945e-06
"GBGJ01120957",3.507666e-06,0.0004810846,4.033947e-06
"GBGJ01121028",0.0001058754,1.059733e-15,0.0001257928
"GBGJ01121155",3.121897e-05,0.0005332918,2.615625e-05
"GBGJ01121169",1.169748e-07,0.1981928,1.406314e-07
"GBGJ01121186",1.55324e-08,0.0003565245,1.24984e-08
"GBGJ01121240",1.937031e-07,0.001008009,1.505854e-07
"GBGJ01121311",0.009649458,6.639292e-58,0.000770546
"GBGJ01121348",6.539139e-13,2.060037e-06,5.003339e-13
"GBGJ01121354",0.002810651,9.190712e-41,0.002810651
"GBGJ01121366",0.2433946,8.249049e-65,0.1103782
"GBGJ01121375",4.752711e-05,0.06783126,5.999563e-05
"GBGJ01121443",1.450452e-06,0.2051111,1.084942e-06
"GBGJ01121497",4.423028e-05,0.0002603484,4.466864e-05
"GBGJ01121511",9.557513e-07,5.73703e-06,9.022319e-07
"GBGJ01121514",3.301647e-10,7.260601e-13,1.151738e-10
"GBGJ01121710",0.02209442,7.808399e-05,0.02077728
"GBGJ01121743",6.755737e-10,5.95111e-05,4.058673e-10
"GBGJ01121757",5.703225e-06,0.2108508,5.39818e-06
"GBGJ01121771",8.175601e-07,7.690834e-08,5.573307e-07
"GBGJ01121844",0.1276944,8.764498e-06,0.1276944
"GBGJ01121869",0.0003721669,2.691308e-20,0.0002304066
"GBGJ01121908",9.056778e-06,0.4755555,1.151981e-05
"GBGJ01121944",6.500518e-13,0.002509828,1.13047e-12
"GBGJ01121945",2.25299e-05,0.003593885,2.477882e-05
"GBGJ01121980",0.008016662,2.076106e-05,0.008112974
"GBGJ01122009",1.386405e-05,0.06519698,1.748556e-05
"GBGJ01122228",0.001061248,5.295942e-08,0.0008842862
"GBGJ01122437",7.211125e-08,0.1276944,7.720296e-08
"GBGJ01122655",3.48893e-06,0.09199477,3.507897e-06
"GBGJ01122750",0.1276944,6.820611e-06,0.1276944
"GBGJ01122835",4.439089e-07,0.07639233,3.571585e-07
"GBGJ01122928",0.04363768,6.497834e-07,0.04520506
"GBGJ01123008",0.01028986,4.296696e-09,0.007901362
"GBGJ01123429",2.806311e-09,1.233348e-06,2.069843e-09
"GBGJ01123511",0.0005254432,8.850943e-05,0.0005554246
"GBGJ01123745",0.0005020163,1.053029e-06,0.0005301247
"GBGJ01123833",0.05036014,3.883065e-05,0.04681455
"GBGJ01123959",4.645599e-05,0.002109706,5.513204e-05
"GBGJ01124073",0.02697418,5.367845e-10,0.02399368
"GBGJ01124350",0.1208444,4.505679e-08,0.1062287
"GBGJ01124370",0.0428586,1.292005e-06,0.04226147
"GBGJ01124471",6.042899e-05,0.02698731,8.82188e-05
"GBGJ01124708",9.749222e-11,2.220738e-09,2.954714e-11
"GBGJ01124709",2.760983e-08,0.2466159,3.448016e-08
"GBGJ01124891",4.651304e-05,0.02682903,7.493035e-05
"GBGJ01125014",1.101034e-09,0.001559702,1.086361e-09
"GBGJ01125089",6.697973e-06,0.06488429,6.578681e-06
"GBGJ01125150",1.265206e-06,0.002140512,1.006702e-06
"GBGJ01125151",2.275581e-07,0.001304403,2.129767e-07
"GBGJ01125262",0.213502,7.128458e-54,0.1105939
"GBGJ01125263",0.210947,4.7008e-55,0.1238721
"GBGJ01125532",2.265835e-05,0.0008672157,2.533813e-05
"GBGJ01125883",0.0002437084,4.21516e-08,0.0002596285
"GBGJ01125974",0.1276944,7.524753e-08,0.1276944
"GBGJ01126001",4.61158e-09,7.462313e-06,3.155092e-09
"GBGJ01126014",2.454485e-07,7.256637e-06,2.704157e-07
"GBGJ01126015",3.275985e-07,0.0002839073,3.275985e-07
"GBGJ01126052",0.4625231,7.735579e-07,0.4616776
"GBGJ01126053",0.006609934,4.696856e-05,0.006609934
"GBGJ01126076",1.479716e-06,0.001645006,1.82729e-06
"GBGJ01126155",0.0005141307,1.059921e-06,0.0005181514
"GBGJ01126356",9.213155e-07,0.1676644,8.901002e-07
"GBGJ01126464",2.404659e-06,0.03937354,2.540189e-06
"GBGJ01126495",0.0002310241,5.702147e-06,0.0002376402
"GBGJ01126642",1.400018e-05,3.43149e-05,1.613017e-05
"GBGJ01126933",5.716268e-05,1.713681e-05,4.321022e-05
"GBGJ01126946",9.826477e-07,0.1276944,8.482524e-07
"GBGJ01126948",0.0001764639,2.849182e-09,0.0001886148
"GBGJ01126952",5.582332e-06,0.02781804,5.189486e-06
"GBGJ01127015",0.04120593,2.590506e-06,0.04103186
"GBGJ01127053",8.818029e-05,6.057564e-06,9.600282e-05
"GBGJ01127107",1.673123e-07,0.004897779,1.315182e-07
"GBGJ01127183",2.720555e-05,0.1319355,4.204499e-05
"GBGJ01127286",0.008432286,3.844568e-63,0.0008188308
"GBGJ01127287",0.2433946,1.333825e-55,0.2433946
"GBGJ01127325",0.0756072,8.062676e-08,0.07448846
"GBGJ01127478",4.566732e-05,1.856148e-07,4.017997e-05
"GBGJ01127539",0.2433946,7.119196e-36,0.2433946
"GBGJ01127574",0.1276944,4.222001e-05,0.1276944
"GBGJ01127577",0.4683675,2.552034e-30,0.4683675
"GBGJ01127709",3.266071e-05,5.561365e-06,3.266071e-05
"GBGJ01127786",7.136168e-05,0.01929418,7.727554e-05
"GBGJ01127890",1.274386e-06,0.1779618,1.651282e-06
"GBGJ01127903",2.234924e-08,0.0001519136,2.169876e-08
"GBGJ01127975",0.0002704273,2.94826e-07,0.000232298
"GBGJ01127998",0.00720516,2.091291e-09,0.0066761
"GBGJ01128138",1.383278e-05,0.01595627,1.294457e-05
"GBGJ01128192",5.137166e-05,0.2447467,7.893957e-05
"GBGJ01128476",0.06783126,1.035113e-68,0.03403258
"JR842892",7.721897e-05,0.06783126,7.357654e-05
"JR842970",8.614577e-07,0.04426168,1.304552e-06
"JR843020",4.768959e-05,0.002927661,4.507838e-05
"JR843062",0.0001460545,5.512159e-16,0.0001434673
"JR843146",0.01748672,1.179613e-07,0.01557435
"JR843149",0.0464572,3.510011e-05,0.04800889
"JR843151",0.003947954,7.596316e-08,0.003761464
"JR843289",3.467398e-08,7.846413e-06,2.484598e-08
"JR843290",1.034448e-05,0.0002204797,8.613689e-06
"JR843335",0.006929552,3.733086e-05,0.006929552
"JR843350",3.28917e-07,1.843327e-08,1.494391e-07
"JR843352",2.380855e-05,0.00101819,1.967246e-05
"JR843356",2.004899e-05,0.06164385,2.017937e-05
"JR843357",4.837505e-05,6.120703e-07,5.364582e-05
"JR843369",0.07448846,5.419262e-05,0.07721117
"JR843517",7.536915e-05,1.467671e-05,0.000133128
"JR843539",0.0007266725,1.377111e-06,0.0008028204
"JR843604",4.719782e-05,0.1306625,5.072799e-05
"JR843679",9.483129e-07,6.9192e-05,9.672578e-07
"JR843680",5.265163e-07,0.0624567,5.140317e-07
"JR843681",5.10582e-06,0.1276944,5.700497e-06
"JR843782",6.320254e-05,1.724096e-05,4.671198e-05
"JR843783",2.675252e-06,0.001273363,2.621465e-06
"JR844137",1.46423e-07,0.07598026,1.522225e-07
"JR844139",8.441164e-05,0.03986668,7.780536e-05
"JR844426",9.76766e-06,0.4487325,1.177211e-05
"JR844464",0.06783126,5.740255e-56,0.06783126
"JR844521",3.29297e-11,1.391639e-05,6.881826e-11
"JR844619",8.806238e-08,0.07015016,1.036583e-07
"JR844620",1.718105e-10,0.1073465,2.227674e-10
"JR844621",0.07081478,3.724613e-05,0.07181366
"JR844678",3.590713e-05,0.01284606,3.997442e-05
"JR844698",5.760581e-06,1.734192e-05,4.521855e-06
"JR844711",1.065957e-08,2.256542e-05,1.118804e-08
"JR844716",1.919643e-06,2.034166e-06,1.356153e-06
"JR844733",0.002740717,3.609171e-06,0.00255232
"JR844779",2.468574e-07,0.004946628,3.749652e-07
"JR844780",5.514856e-09,5.099249e-06,6.031537e-09
"JR844897",4.09618e-08,0.01560381,5.218486e-08
"JR844898",8.783682e-08,0.02940491,1.897802e-07
"JR844916",0.04050288,2.347726e-07,0.03957064
"JR844930",2.40084e-06,0.0001862908,2.670345e-06
"JR844965",3.933105e-21,8.979248e-07,9.025304e-22
"JR844966",6.483879e-05,3.730947e-06,4.975099e-05
"JR844969",0.166459,1.876831e-80,0.03082271
"JR844970",0.07015016,4.143359e-82,0.07015016
"JR844971",5.162706e-23,1.009796e-05,5.459878e-23
"JR844972",1.245629e-07,0.03432284,1.776111e-07
"JR844977",0.008285154,1.810041e-05,0.00845021
"JR845032",0.2433946,1.797888e-06,0.2433946
"JR845036",0.000153628,4.209681e-06,0.0001184094
"JR845038",0.2362532,5.592444e-05,0.2362532
"JR845040",0.007009076,9.217107e-07,0.005530897
"JR845069",2.023171e-05,0.01175098,2.015324e-05
"JR845083",0.001685801,2.540769e-08,0.00151856
"JR845084",0.0002153955,1.971038e-05,0.0002141113
"JR845085",1.12882e-09,0.003970511,1.088356e-09
"JR845113",2.683982e-05,0.01065351,2.788332e-05
"JR845114",1.300171e-10,0.01127979,1.244742e-10
"JR845166",0.002216308,1.2573e-07,0.001729232
"JR845191",0.0008656883,5.686986e-05,0.0008111794
"JR845196",7.704734e-05,0.1419053,7.557671e-05
"JR845245",0.0002334069,1.289893e-10,0.0002021809
"JR845329",5.130039e-09,1.193208e-06,5.575916e-09
"JR845330",0.0003443047,3.401378e-10,0.0003054228
"JR845639",3.633386e-06,1.39334e-05,9.028249e-06
"JR845640",5.64767e-05,4.197637e-10,4.880339e-05
"JR845716",0.4772669,6.600885e-06,0.4772669
"JR845766",9.370929e-05,1.066836e-19,4.094663e-05
"JR845809",0.01739395,5.04832e-05,0.01729052
"JR845871",1.103177e-06,0.00124024,1.203824e-06
"JR845929",1.951269e-06,0.1276944,2.289586e-06
"JR845930",2.894868e-06,0.00264863,4.399774e-06
"JR846015",9.385623e-07,0.0001237441,7.162756e-07
"JR846102",0.2362532,9.899331e-06,0.2362532
"JR846149",0.4130655,7.930063e-06,0.4114466
"JR846201",0.06783126,9.044966e-06,0.06783126
"JR846423",5.923598e-07,0.02593837,5.520236e-07
"JR846425",0.04855811,2.100341e-05,0.0407477
"JR846426",0.01114405,1.523725e-05,0.01001588
"JR846593",3.812524e-05,7.504261e-05,4.2512e-05
"JR846733",0.2433946,7.348878e-05,0.2433946
"JR847474",2.339524e-07,0.006732994,2.987276e-07
"JR847529",8.094113e-05,0.184234,7.037744e-05
"JR847837",1.588018e-05,0.0006680244,1.324737e-05
"JR847855",0.000102706,0.001068362,8.645466e-05
"JR847886",0.003223798,2.220943e-05,0.003217701
"JR847891",4.853181e-05,0.1306625,6.085026e-05
"JR847976",5.421819e-07,0.0002711007,5.656984e-07
"JR847986",1.319313e-05,0.03442381,1.470846e-05
"JR847995",8.132949e-05,0.01632565,0.0001320322
"JR848016",1.44776e-10,0.00313907,1.118502e-10
"JR848041",0.1182871,6.723247e-06,0.1164508
"JR848050",0.002407267,2.38689e-28,0.0008967135
"JR848103",4.333437e-06,1.860684e-11,4.088123e-06
"JR848109",1.272956e-08,7.323932e-10,1.210275e-08
"JR848113",5.458807e-08,0.1276944,4.783991e-08
"JR848171",2.767003e-09,6.628451e-05,2.192648e-09
"JR848232",6.233057e-06,2.355459e-09,6.649098e-06
"JR848237",6.801701e-08,3.871759e-09,2.76949e-08
"JR848240",0.04103186,2.043995e-44,0.04138018
"JR848254",0.3628936,6.162483e-10,0.3632484
"JR848257",0.004433869,3.584819e-05,0.004426526
"JR848302",2.456523e-07,0.2777824,2.397454e-07
"JR848338",1.687686e-05,0.0003260476,1.421537e-05
"JR848339",4.73109e-07,6.78387e-07,3.361231e-07
"JR848343",0.05725096,5.255114e-58,0.01695355
"JR848357",1.14026e-10,1.762367e-05,6.373717e-11
"JR848364",6.218101e-12,3.083376e-07,2.555143e-12
"JR848365",4.955546e-05,0.4772669,5.046807e-05
"JR848423",4.711576e-06,0.06783126,4.444067e-06
"JR848443",5.184118e-06,0.03073619,5.0073e-06
"JR848477",3.274196e-15,0.1074901,4.138877e-15
"JR848484",1.939387e-08,0.05804198,2.920939e-08
"JR848535",1.628403e-08,2.718456e-13,4.033959e-09
"JR848569",1.048401e-08,0.0007358215,9.50363e-09
"JR848572",0.08514107,8.880614e-08,0.07900737
"JR848590",3.347821e-05,4.3149e-05,3.987487e-05
"JR848613",1.209132e-05,0.1101864,1.165153e-05
"JR848630",2.982071e-09,3.933938e-05,2.881937e-09
"JR848676",7.415553e-05,0.1316483,8.344064e-05
"JR848704",1.933289e-07,0.0002670233,1.967184e-07
"JR848727",3.998178e-05,0.2433946,4.125932e-05
"JR848805",0.02043089,3.783509e-06,0.01968648
"JR848914",1.548408e-07,0.1306625,2.326765e-07
"JR848924",2.8123e-08,0.01216541,2.114169e-08
"JR848930",0.001276346,1.74439e-07,0.001792479
"JR848960",0.02772652,8.64358e-61,0.002632339
"JR848971",5.378512e-05,0.03733306,5.40397e-05
"JR848988",0.2433946,4.552653e-34,0.2433946
"JR849029",0.2175472,9.311419e-06,0.2175472
"JR849041",2.14351e-10,0.1527615,2.192754e-10
"JR849042",2.872666e-05,0.003089628,2.666693e-05
"JR849098",0.03344971,7.637437e-05,0.03361138
"JR849195",2.155429e-06,0.1854787,2.072832e-06
"JR849220",3.095018e-10,0.05204833,3.558573e-10
"JR849264",2.161494e-08,0.1276944,2.705767e-08
"JR849279",0.0001675599,1.881637e-06,0.0001864837
"JR849324",3.557047e-06,0.004090336,3.612585e-06
"JR849325",5.477179e-09,0.04449029,4.185715e-09
"JR849345",0.2433946,9.909112e-06,0.2433946
"JR849350",2.670286e-12,0.0591795,3.163247e-12
"JR849369",0.003149888,6.926926e-10,0.003688281
"JR849374",0.0004427287,2.510303e-06,0.0004042533
"JR849393",2.489694e-06,4.736316e-06,2.510303e-06
"JR849416",3.243517e-06,0.006899248,3.117741e-06
"JR849482",2.990294e-09,2.646676e-10,5.77292e-10
"JR849492",3.974162e-07,1.568095e-07,3.743647e-07
"JR849499",3.549134e-05,0.001624492,3.476148e-05
"JR849553",0.2433946,3.919801e-53,0.2433946
"JR849565",7.665659e-08,0.09779192,8.055271e-08
"JR849644",8.385272e-05,0.06829312,7.553018e-05
"JR849711",0.4772669,1.806295e-08,0.4772669
"JR849744",1.511675e-06,0.2001006,1.696488e-06
"JR849802",6.039962e-06,0.00119282,4.749307e-06
"JR849805",2.279721e-06,0.0177486,3.00724e-06
"JR849892",1.544076e-11,0.04622103,2.776023e-11
"JR849926",1.669425e-12,0.1100488,1.938874e-12
"JR849933",3.712613e-12,1.028695e-05,1.71769e-12
"JR849974",1.27093e-07,4.750199e-06,8.344069e-08
"JR850000",4.101745e-06,0.2433946,2.818565e-06
"JR850032",0.01165295,7.08167e-17,0.008496252
"JR850039",3.985948e-05,0.01092758,4.123109e-05
"JR850120",4.023064e-05,0.02137825,4.600404e-05
"JR850174",0.02713255,3.107456e-09,0.02026277
"JR850204",5.204195e-06,0.0003061255,4.360997e-06
"JR850330",4.508518e-07,9.888752e-06,2.318238e-07
"JR850336",2.258424e-05,7.268663e-06,2.082135e-05
"JR850355",1.088016e-08,0.002608983,1.007395e-08
"JR850372",1.20028e-05,0.06569301,1.183765e-05
"JR850390",1.486759e-05,4.017056e-06,1.264735e-05
"JR850411",3.448082e-06,0.0432028,3.248634e-06
"JR850503",0.2187694,1.607629e-05,0.2158786
"JR850593",0.01820312,3.594048e-05,0.0165081
"JR850647",1.239712e-05,0.03083601,1.191742e-05
"JR850677",4.291616e-12,4.402259e-05,1.135034e-11
"JR850830",4.654606e-07,0.01565408,4.086066e-07
"JR850885",2.36503e-06,3.719616e-10,2.832251e-06
"JR850910",1.616969e-08,0.1530192,1.824012e-08
"JR850912",0.001546203,6.303092e-06,0.001432216
"JR850927",2.180721e-16,0.01810469,2.913719e-15
"JR850939",0.2433946,2.999025e-35,0.2433946
"JR850963",0.1189211,7.353724e-05,0.1158942
"JR850964",1.829362e-05,0.006826804,2.825046e-05
"JR851003",4.029742e-08,0.002238692,5.003386e-08
"JR851082",2.659565e-08,0.0008657162,1.505708e-08
"JR851090",3.33808e-10,0.0003258012,2.508516e-10
"JR851111",1.761464e-05,0.06038529,2.330005e-05
"JR851128",0.05605021,1.634904e-08,0.05389861
"JR851207",0.0007657104,4.088399e-21,0.0003562936
"JR851250",0.1276944,1.514142e-83,0.1276944
"JR851341",0.03311897,3.238119e-05,0.02994424
"JR851367",1.290384e-06,3.907814e-07,1.266749e-06
"JR851407",1.373575e-06,0.08500433,1.431741e-06
"JR851410",0.003118037,5.433882e-08,0.002623063
"JR851460",1.055131e-05,0.2466159,9.980456e-06
"JR851533",8.052122e-11,6.81959e-09,3.364854e-11
"JR851613",1.852396e-13,0.001606708,2.830067e-13
"JR851683",5.992364e-05,0.06724055,8.450628e-05
"JR851715",1.476329e-07,0.0001435408,1.700394e-07
"JR851750",0.06783126,4.880842e-08,0.06783126
"JR851786",1.220341e-05,0.0009770497,1.077777e-05
"JR851943",1.865293e-05,0.1092102,2.10659e-05
"JR851970",7.261459e-07,4.269656e-07,5.73049e-07
"JR852008",8.658558e-05,0.01885991,8.3481e-05
"JR852029",0.0005977374,1.903313e-60,3.92799e-06
"JR852066",6.942951e-06,0.006862975,6.600885e-06
"JR852186",0.1221808,3.70283e-55,0.1221808
"JR852189",4.853027e-07,0.03866417,5.264011e-07
"JR852261",5.335593e-08,9.188688e-06,4.652832e-08
"JR852309",3.663311e-05,0.05097723,5.723711e-05
"JR852500",0.01132097,5.842708e-05,0.0116112
"JR852539",0.0804996,8.546522e-05,0.07343301
"JR852540",0.0002152301,1.729976e-05,0.0001570985
"JR852593",0.003975124,8.530382e-54,0.0002186927
"JR852622",0.01334122,6.328064e-06,0.01415226
"JR852631",0.2211373,1.902696e-05,0.2145499
"JR852659",0.004236492,2.802865e-06,0.003784189
"JR852700",1.297518e-06,0.002311655,8.648316e-07
"JR852827",0.4772669,4.293524e-05,0.4772669
"JR852874",2.627978e-05,0.01002676,2.754666e-05
"JR852905",8.362679e-06,0.04125084,7.192995e-06
"JR852915",3.758638e-11,5.471848e-05,4.034632e-11
"JR852978",0.288,6.526588e-57,0.1604259
"JR853029",7.745562e-07,5.935024e-09,4.142093e-07
"JR853047",0.2433946,1.315461e-52,0.1395047
"JR853057",2.884581e-05,0.0005968699,3.461693e-05
"JR853113",0.1613776,7.77119e-06,0.1559113
"JR853151",1.225399e-05,0.003162899,1.144876e-05
"JR853183",0.2433946,5.387033e-68,0.2433946
"JR853259",2.106078e-06,4.989659e-05,2.465149e-06
"JR853292",2.434476e-05,0.001041346,2.086977e-05
"JR853327",9.213933e-07,0.002825574,1.185377e-06
"JR853358",0.1220591,3.030313e-16,0.1170309
"JR853460",0.0005491427,1.712469e-06,0.0005329476
"JR853484",3.226503e-05,0.08160124,3.045545e-05
"JR853511",2.415611e-05,0.02313928,2.387529e-05
"JR853523",0.0003574833,1.695464e-05,0.0003414334
"JR853537",7.540949e-05,2.250369e-05,8.283677e-05
"JR853632",0.4379137,4.519329e-06,0.434764
"JR853741",2.411989e-08,3.793117e-06,2.102717e-08
"JR853768",5.330102e-05,1.207319e-07,5.741383e-05
"JR853780",3.483241e-10,0.04422781,3.123581e-10
"JR853981",3.527389e-07,0.1276944,3.454568e-07
"JR854066",6.135525e-10,0.0002209412,5.694956e-10
"JR854385",7.321685e-05,0.1276944,0.000107842
"JR854446",8.090317e-05,0.1205191,7.299476e-05
"JR854600",2.168693e-06,5.271865e-13,4.496948e-07
"JR854608",0.1658061,5.857947e-05,0.1647819
"JR854673",1.124465e-07,0.002142519,1.355953e-07
"JR854708",0.0001742517,4.394509e-05,0.0002364897
"JR854849",6.321747e-09,0.1398042,9.668812e-09
"JR854873",0.003866702,4.53352e-13,0.00282485
"JR854896",1.282151e-05,0.2433946,1.623675e-05
"JR855048",0.09088733,5.268364e-06,0.09004764
"JR855102",6.762044e-06,0.0002067062,6.249462e-06
"JR855142",0.1123224,2.914078e-09,0.1016198
"JR855253",7.424675e-08,2.281179e-07,1.120428e-07
"JR855258",2.540769e-08,0.01454368,3.760686e-08
"JR855505",0.003512466,9.843497e-07,0.00296065
"JR855522",7.180069e-05,0.0003375591,6.696298e-05
"JR855665",2.813321e-09,8.222543e-11,8.390232e-10
"JR855685",7.141707e-06,0.002696256,6.649571e-06
"JR855777",1.836446e-08,0.1276944,4.588792e-08
"JR856018",7.135482e-06,0.1276944,6.822607e-06
"JR856265",2.096962e-11,0.002764395,1.789268e-11
"JR856302",0.2433946,7.675604e-07,0.2433946
"JR856371",6.333119e-08,0.2481806,5.310193e-08
"JR856401",0.08090211,2.20978e-05,0.07768317
"JR856461",6.383209e-05,0.0001969909,5.518212e-05
"JR856502",9.698767e-06,7.490341e-08,1.396118e-05
"JR856565",0.001945909,9.499215e-08,0.002446968
"JR856598",5.57375e-08,1.380107e-07,3.123084e-08
"JR856655",1.650536e-05,0.01678791,1.736925e-05
"JR856670",1.662193e-06,0.2341928,1.709237e-06
"JR856724",9.732087e-15,0.1081068,9.732087e-15
"JR856785",0.1339199,3.271016e-13,0.1312563
"JR856833",0.0006616811,8.283677e-05,0.0005294779
"JR856966",2.711615e-06,5.51728e-14,8.888022e-07
"JR857163",1.136751e-05,0.003678292,9.1287e-06
"JR857191",3.748504e-07,0.04788192,3.929013e-07
"JR857270",0.002463371,7.548439e-06,0.00245708
"JR857462",0.001112011,5.851759e-05,0.001006319
"JR857743",0.1158964,9.525445e-07,0.112054
"JR857774",1.271339e-05,0.005685382,1.429057e-05
"JR858006",2.49349e-07,0.01496989,2.214864e-07
"JR858019",0.0001065553,6.617697e-07,8.462475e-05
"JR858143",2.457485e-05,0.01200987,2.682035e-05
"JR858242",1.624235e-07,0.0001285327,1.978595e-07
"JR858254",1.283602e-07,1.288572e-05,1.159326e-07
"JR858348",2.288916e-08,4.894123e-06,1.098507e-08
"JR858773",0.0003725889,8.364655e-07,0.0002800982
"JR858824",9.333885e-07,6.296056e-14,3.694388e-07
"JR858887",1.355584e-05,0.2433946,1.604719e-05
"JR858906",8.478756e-05,0.02510503,7.779032e-05
"JR859443",0.008012298,1.841728e-09,0.007106701
"JR859493",0.1276944,2.05285e-91,0.1276944
"JR859547",1.301419e-07,0.002780488,1.820352e-07
"JR859675",1.453945e-13,9.564367e-05,1.177683e-13
"JR859874",0.009762021,1.695464e-05,0.01032109
"JR860170",0.03218207,1.522703e-05,0.03187578
"JR860171",1.338246e-05,5.59732e-08,9.262873e-06
"JR860211",1.100688e-08,1.270765e-13,1.70004e-09
"JR861056",5.723781e-06,2.307693e-09,2.904645e-06
"JR861928",1.725015e-08,7.601302e-06,1.711786e-08
"JR862095",1.300754e-06,0.0003169393,2.630367e-06
"JR862602",2.173238e-15,0.02285523,1.733365e-15
"JR862620",1.198557e-05,0.02044065,1.288266e-05
"JR862984",3.26821e-05,3.019356e-06,3.624424e-05
"JR863330",0.0004735634,2.852142e-08,0.0005904863
